-- USERS 샘플
INSERT INTO users (email, password, name, username, dong, location_lat, location_lng) VALUES
                                                                                          ('user1_11@hotmail.com', '1234', '장예린', '배드민턴', '홍은제1동', 36.5431, 127.47170000000001),
                                                                                          ('user2_12@hotmail.com', '1234', '윤도현', '배드민턴', '홍은제1동', 36.5392, 127.4174),
                                                                                          ('user3_13@yahoo.com', '1234', '임서연', '배드민턴', '홍은제1동', 36.5279, 127.41890000000001),
                                                                                          ('user4_14@naver.com', '1234', '최하준', '배드민턴', '홍은제1동', 36.5747, 127.4175),
                                                                                          ('user5_15@naver.com', '1234', '장민준', '배드민턴', '홍은제1동', 36.5881, 127.4867),
                                                                                          ('user6_11@hotmail.com', '1234', '박승우', '농구', '홍은제1동', 36.5392, 127.4889),
                                                                                          ('user7_12@naver.com', '1234', '정하늘', '농구', '홍은제1동', 36.5597, 127.4209),
                                                                                          ('user8_13@naver.com', '1234', '장도현', '농구', '홍은제1동', 36.5188, 127.41250000000001),
                                                                                          ('user9_14@daum.net', '1234', '장승우', '농구', '홍은제1동', 36.5683, 127.47290000000001),
                                                                                          ('user10_15@hotmail.com', '1234', '최도윤', '농구', '홍은제1동', 36.5871, 127.423),
                                                                                          ('user11_11@naver.com', '1234', '임하윤', '요리', '홍은제1동', 36.5427, 127.4486),
                                                                                          ('user12_12@gmail.com', '1234', '김수아', '요리', '홍은제1동', 36.5164, 127.4317),
                                                                                          ('user13_13@yahoo.com', '1234', '김민준', '요리', '홍은제1동', 36.5306, 127.4328),
                                                                                          ('user14_14@hotmail.com', '1234', '조지민', '요리', '홍은제1동', 36.5557, 127.4805),
                                                                                          ('user15_15@gmail.com', '1234', '장채원', '요리', '홍은제1동', 36.5159, 127.4517),
                                                                                          ('user16_11@daum.net', '1234', '김서연', '볼링', '홍은제1동', 36.561, 127.4573),
                                                                                          ('user17_12@daum.net', '1234', '정서준', '볼링', '홍은제1동', 36.5519, 127.4205),
                                                                                          ('user18_13@hotmail.com', '1234', '박승우', '볼링', '홍은제1동', 36.553, 127.47420000000001),
                                                                                          ('user19_14@gmail.com', '1234', '최도윤', '볼링', '홍은제1동', 36.5407, 127.47200000000001),
                                                                                          ('user20_15@daum.net', '1234', '조채원', '볼링', '홍은제1동', 36.55, 127.4368),
                                                                                          ('user21_11@naver.com', '1234', '최하준', '축구', '홍은제1동', 36.5886, 127.4572),
                                                                                          ('user22_12@yahoo.com', '1234', '정채원', '축구', '홍은제1동', 36.5772, 127.4149),
                                                                                          ('user23_13@daum.net', '1234', '임지호', '축구', '홍은제1동', 36.5641, 127.4152),
                                                                                          ('user24_14@daum.net', '1234', '한서연', '축구', '홍은제1동', 36.5382, 127.482),
                                                                                          ('user25_15@hotmail.com', '1234', '윤수현', '축구', '홍은제1동', 36.5515, 127.41590000000001),
                                                                                          ('user26_21@yahoo.com', '1234', '장하린', '배드민턴', '홍은제2동', 36.5693, 127.4454),
                                                                                          ('user27_22@gmail.com', '1234', '최서준', '배드민턴', '홍은제2동', 36.5162, 127.4544),
                                                                                          ('user28_23@gmail.com', '1234', '조채원', '배드민턴', '홍은제2동', 36.5861, 127.4663),
                                                                                          ('user29_24@naver.com', '1234', '임하준', '배드민턴', '홍은제2동', 36.5634, 127.43050000000001),
                                                                                          ('user30_25@hotmail.com', '1234', '박채원', '배드민턴', '홍은제2동', 36.5827, 127.48190000000001),
                                                                                          ('user31_21@yahoo.com', '1234', '조서연', '농구', '홍은제2동', 36.5347, 127.43180000000001),
                                                                                          ('user32_22@gmail.com', '1234', '최지호', '농구', '홍은제2동', 36.5881, 127.4179),
                                                                                          ('user33_23@gmail.com', '1234', '김하윤', '농구', '홍은제2동', 36.5436, 127.4499),
                                                                                          ('user34_24@daum.net', '1234', '최수아', '농구', '홍은제2동', 36.5584, 127.486),
                                                                                          ('user35_25@hotmail.com', '1234', '최도윤', '농구', '홍은제2동', 36.5265, 127.4525),
                                                                                          ('user36_21@naver.com', '1234', '정시우', '요리', '홍은제2동', 36.5156, 127.45700000000001),
                                                                                          ('user37_22@yahoo.com', '1234', '정유진', '요리', '홍은제2동', 36.5171, 127.43820000000001),
                                                                                          ('user38_23@hotmail.com', '1234', '임수현', '요리', '홍은제2동', 36.5783, 127.4273),
                                                                                          ('user39_24@naver.com', '1234', '윤민준', '요리', '홍은제2동', 36.5698, 127.46870000000001),
                                                                                          ('user40_25@hotmail.com', '1234', '정하늘', '요리', '홍은제2동', 36.5852, 127.4197),
                                                                                          ('user41_21@naver.com', '1234', '박도현', '볼링', '홍은제2동', 36.558, 127.48230000000001),
                                                                                          ('user42_22@yahoo.com', '1234', '이승우', '볼링', '홍은제2동', 36.5755, 127.45020000000001),
                                                                                          ('user43_23@gmail.com', '1234', '조민서', '볼링', '홍은제2동', 36.564, 127.48320000000001),
                                                                                          ('user44_24@daum.net', '1234', '윤도윤', '볼링', '홍은제2동', 36.5468, 127.4816),
                                                                                          ('user45_25@gmail.com', '1234', '김시우', '볼링', '홍은제2동', 36.54, 127.46100000000001),
                                                                                          ('user46_21@naver.com', '1234', '박채원', '축구', '홍은제2동', 36.5763, 127.4124),
                                                                                          ('user47_22@hotmail.com', '1234', '이지우', '축구', '홍은제2동', 36.5856, 127.41590000000001),
                                                                                          ('user48_23@gmail.com', '1234', '김하준', '축구', '홍은제2동', 36.533, 127.41470000000001),
                                                                                          ('user49_24@daum.net', '1234', '조예린', '축구', '홍은제2동', 36.5748, 127.43360000000001),
                                                                                          ('user50_25@gmail.com', '1234', '임승우', '축구', '홍은제2동', 36.5321, 127.4651),
                                                                                          ('user51_31@hotmail.com', '1234', '박도윤', '배드민턴', '홍제제1동', 36.5235, 127.45870000000001),
                                                                                          ('user52_32@hotmail.com', '1234', '장수아', '배드민턴', '홍제제1동', 36.5844, 127.4394),
                                                                                          ('user53_33@daum.net', '1234', '최시우', '배드민턴', '홍제제1동', 36.5178, 127.46170000000001),
                                                                                          ('user54_34@naver.com', '1234', '최하준', '배드민턴', '홍제제1동', 36.5122, 127.4269),
                                                                                          ('user55_35@daum.net', '1234', '이하린', '배드민턴', '홍제제1동', 36.5253, 127.4441),
                                                                                          ('user56_31@hotmail.com', '1234', '박도윤', '농구', '홍제제1동', 36.5897, 127.4238),
                                                                                          ('user57_32@hotmail.com', '1234', '조지우', '농구', '홍제제1동', 36.577, 127.46050000000001),
                                                                                          ('user58_33@naver.com', '1234', '정서준', '농구', '홍제제1동', 36.5222, 127.4748),
                                                                                          ('user59_34@yahoo.com', '1234', '한예린', '농구', '홍제제1동', 36.5245, 127.42920000000001),
                                                                                          ('user60_35@hotmail.com', '1234', '김서연', '농구', '홍제제1동', 36.5465, 127.4311),
                                                                                          ('user61_31@naver.com', '1234', '장승우', '요리', '홍제제1동', 36.5366, 127.4452),
                                                                                          ('user62_32@hotmail.com', '1234', '한서연', '요리', '홍제제1동', 36.5336, 127.4573),
                                                                                          ('user63_33@hotmail.com', '1234', '정하린', '요리', '홍제제1동', 36.5803, 127.4758),
                                                                                          ('user64_34@gmail.com', '1234', '최도윤', '요리', '홍제제1동', 36.5545, 127.42460000000001),
                                                                                          ('user65_35@hotmail.com', '1234', '윤서준', '요리', '홍제제1동', 36.5491, 127.4864),
                                                                                          ('user66_31@gmail.com', '1234', '이지호', '볼링', '홍제제1동', 36.5103, 127.4135),
                                                                                          ('user67_32@daum.net', '1234', '정하준', '볼링', '홍제제1동', 36.5435, 127.4191),
                                                                                          ('user68_33@naver.com', '1234', '김지호', '볼링', '홍제제1동', 36.5686, 127.4214),
                                                                                          ('user69_34@naver.com', '1234', '박서준', '볼링', '홍제제1동', 36.5169, 127.4135),
                                                                                          ('user70_35@hotmail.com', '1234', '윤승우', '볼링', '홍제제1동', 36.5662, 127.4163),
                                                                                          ('user71_31@naver.com', '1234', '한지호', '축구', '홍제제1동', 36.5763, 127.4175),
                                                                                          ('user72_32@gmail.com', '1234', '박도현', '축구', '홍제제1동', 36.5225, 127.41990000000001),
                                                                                          ('user73_33@daum.net', '1234', '장도윤', '축구', '홍제제1동', 36.5703, 127.4649),
                                                                                          ('user74_34@naver.com', '1234', '김서준', '축구', '홍제제1동', 36.5642, 127.42450000000001),
                                                                                          ('user75_35@yahoo.com', '1234', '정서연', '축구', '홍제제1동', 36.5164, 127.48960000000001),
                                                                                          ('user76_41@daum.net', '1234', '조수아', '배드민턴', '홍제제2동', 36.5184, 127.4152),
                                                                                          ('user77_42@gmail.com', '1234', '박하린', '배드민턴', '홍제제2동', 36.5798, 127.48),
                                                                                          ('user78_43@yahoo.com', '1234', '박시우', '배드민턴', '홍제제2동', 36.5741, 127.47710000000001),
                                                                                          ('user79_44@daum.net', '1234', '이채원', '배드민턴', '홍제제2동', 36.5841, 127.4461),
                                                                                          ('user80_45@yahoo.com', '1234', '윤지호', '배드민턴', '홍제제2동', 36.5765, 127.4809),
                                                                                          ('user81_41@gmail.com', '1234', '윤채원', '농구', '홍제제2동', 36.5297, 127.43310000000001),
                                                                                          ('user82_42@hotmail.com', '1234', '장하윤', '농구', '홍제제2동', 36.5232, 127.459),
                                                                                          ('user83_43@daum.net', '1234', '김하늘', '농구', '홍제제2동', 36.5513, 127.46270000000001),
                                                                                          ('user84_44@daum.net', '1234', '임시우', '농구', '홍제제2동', 36.5703, 127.4736),
                                                                                          ('user85_45@gmail.com', '1234', '최민준', '농구', '홍제제2동', 36.5261, 127.4448),
                                                                                          ('user86_41@daum.net', '1234', '최하준', '요리', '홍제제2동', 36.5524, 127.485),
                                                                                          ('user87_42@gmail.com', '1234', '이민준', '요리', '홍제제2동', 36.5809, 127.45500000000001),
                                                                                          ('user88_43@naver.com', '1234', '박하린', '요리', '홍제제2동', 36.5474, 127.48450000000001),
                                                                                          ('user89_44@yahoo.com', '1234', '장수현', '요리', '홍제제2동', 36.5212, 127.42630000000001),
                                                                                          ('user90_45@daum.net', '1234', '조지우', '요리', '홍제제2동', 36.5486, 127.4486),
                                                                                          ('user91_41@hotmail.com', '1234', '한채원', '볼링', '홍제제2동', 36.5238, 127.4341),
                                                                                          ('user92_42@daum.net', '1234', '최민서', '볼링', '홍제제2동', 36.5686, 127.4274),
                                                                                          ('user93_43@gmail.com', '1234', '이하윤', '볼링', '홍제제2동', 36.5667, 127.48920000000001),
                                                                                          ('user94_44@yahoo.com', '1234', '최채원', '볼링', '홍제제2동', 36.5233, 127.4753),
                                                                                          ('user95_45@naver.com', '1234', '정지민', '볼링', '홍제제2동', 36.5187, 127.4496),
                                                                                          ('user96_41@yahoo.com', '1234', '정지우', '축구', '홍제제2동', 36.5466, 127.47170000000001),
                                                                                          ('user97_42@gmail.com', '1234', '임지우', '축구', '홍제제2동', 36.5636, 127.48020000000001),
                                                                                          ('user98_43@yahoo.com', '1234', '최수현', '축구', '홍제제2동', 36.5666, 127.4405),
                                                                                          ('user99_44@hotmail.com', '1234', '윤채원', '축구', '홍제제2동', 36.5296, 127.476),
                                                                                          ('user100_45@yahoo.com', '1234', '정도현', '축구', '홍제제2동', 36.583, 127.486),
                                                                                          ('user101_51@naver.com', '1234', '윤하린', '배드민턴', '홍제제3동', 36.5107, 127.41300000000001),
                                                                                          ('user102_52@naver.com', '1234', '임민서', '배드민턴', '홍제제3동', 36.5633, 127.46300000000001),
                                                                                          ('user103_53@gmail.com', '1234', '한하준', '배드민턴', '홍제제3동', 36.5608, 127.465),
                                                                                          ('user104_54@naver.com', '1234', '장지우', '배드민턴', '홍제제3동', 36.5289, 127.4881),
                                                                                          ('user105_55@gmail.com', '1234', '윤예린', '배드민턴', '홍제제3동', 36.5121, 127.4636),
                                                                                          ('user106_51@daum.net', '1234', '임하준', '농구', '홍제제3동', 36.5469, 127.4748),
                                                                                          ('user107_52@daum.net', '1234', '임하린', '농구', '홍제제3동', 36.5879, 127.4105),
                                                                                          ('user108_53@naver.com', '1234', '한유진', '농구', '홍제제3동', 36.5779, 127.44800000000001),
                                                                                          ('user109_54@gmail.com', '1234', '김민서', '농구', '홍제제3동', 36.5173, 127.42020000000001),
                                                                                          ('user110_55@daum.net', '1234', '정시우', '농구', '홍제제3동', 36.5679, 127.4595),
                                                                                          ('user111_51@hotmail.com', '1234', '최채원', '요리', '홍제제3동', 36.5833, 127.415),
                                                                                          ('user112_52@naver.com', '1234', '김하준', '요리', '홍제제3동', 36.5103, 127.4281),
                                                                                          ('user113_53@hotmail.com', '1234', '최하린', '요리', '홍제제3동', 36.5467, 127.4739),
                                                                                          ('user114_54@daum.net', '1234', '최지민', '요리', '홍제제3동', 36.5502, 127.4653),
                                                                                          ('user115_55@naver.com', '1234', '한수현', '요리', '홍제제3동', 36.5107, 127.4496),
                                                                                          ('user116_51@naver.com', '1234', '이서연', '볼링', '홍제제3동', 36.5674, 127.45790000000001),
                                                                                          ('user117_52@yahoo.com', '1234', '김채원', '볼링', '홍제제3동', 36.538, 127.42280000000001),
                                                                                          ('user118_53@naver.com', '1234', '박민준', '볼링', '홍제제3동', 36.5448, 127.43560000000001),
                                                                                          ('user119_54@hotmail.com', '1234', '김민서', '볼링', '홍제제3동', 36.5231, 127.4242),
                                                                                          ('user120_55@hotmail.com', '1234', '한도윤', '볼링', '홍제제3동', 36.5242, 127.4522),
                                                                                          ('user121_51@yahoo.com', '1234', '윤서연', '축구', '홍제제3동', 36.5372, 127.4289),
                                                                                          ('user122_52@hotmail.com', '1234', '장하준', '축구', '홍제제3동', 36.5813, 127.4509),
                                                                                          ('user123_53@yahoo.com', '1234', '박지우', '축구', '홍제제3동', 36.5109, 127.4775),
                                                                                          ('user124_54@daum.net', '1234', '임서연', '축구', '홍제제3동', 36.5538, 127.4783),
                                                                                          ('user125_55@yahoo.com', '1234', '이수현', '축구', '홍제제3동', 36.5219, 127.44470000000001),
                                                                                          ('user126_61@hotmail.com', '1234', '김민준', '배드민턴', '남가좌제1동', 36.5132, 127.4439),
                                                                                          ('user127_62@yahoo.com', '1234', '이승우', '배드민턴', '남가좌제1동', 36.5624, 127.42710000000001),
                                                                                          ('user128_63@naver.com', '1234', '정지호', '배드민턴', '남가좌제1동', 36.577, 127.4546),
                                                                                          ('user129_64@gmail.com', '1234', '조시우', '배드민턴', '남가좌제1동', 36.5511, 127.4873),
                                                                                          ('user130_65@hotmail.com', '1234', '이하준', '배드민턴', '남가좌제1동', 36.5467, 127.4757),
                                                                                          ('user131_61@yahoo.com', '1234', '최채원', '농구', '남가좌제1동', 36.5291, 127.45920000000001),
                                                                                          ('user132_62@naver.com', '1234', '윤유진', '농구', '남가좌제1동', 36.5813, 127.45190000000001),
                                                                                          ('user133_63@daum.net', '1234', '임서연', '농구', '남가좌제1동', 36.5702, 127.48400000000001),
                                                                                          ('user134_64@yahoo.com', '1234', '임하린', '농구', '남가좌제1동', 36.5453, 127.42920000000001),
                                                                                          ('user135_65@naver.com', '1234', '김하늘', '농구', '남가좌제1동', 36.5758, 127.47460000000001),
                                                                                          ('user136_61@hotmail.com', '1234', '조시우', '요리', '남가좌제1동', 36.5234, 127.4728),
                                                                                          ('user137_62@naver.com', '1234', '박민준', '요리', '남가좌제1동', 36.5359, 127.4315),
                                                                                          ('user138_63@daum.net', '1234', '장도현', '요리', '남가좌제1동', 36.574, 127.41680000000001),
                                                                                          ('user139_64@yahoo.com', '1234', '한지호', '요리', '남가좌제1동', 36.5242, 127.4654),
                                                                                          ('user140_65@naver.com', '1234', '최민준', '요리', '남가좌제1동', 36.5621, 127.42330000000001),
                                                                                          ('user141_61@daum.net', '1234', '윤민준', '볼링', '남가좌제1동', 36.5835, 127.4308),
                                                                                          ('user142_62@daum.net', '1234', '장하린', '볼링', '남가좌제1동', 36.5578, 127.42760000000001),
                                                                                          ('user143_63@gmail.com', '1234', '임시우', '볼링', '남가좌제1동', 36.5628, 127.45400000000001),
                                                                                          ('user144_64@gmail.com', '1234', '윤수현', '볼링', '남가좌제1동', 36.5621, 127.4548),
                                                                                          ('user145_65@hotmail.com', '1234', '장지민', '볼링', '남가좌제1동', 36.538, 127.4384),
                                                                                          ('user146_61@daum.net', '1234', '최도윤', '축구', '남가좌제1동', 36.5511, 127.42280000000001),
                                                                                          ('user147_62@daum.net', '1234', '정하늘', '축구', '남가좌제1동', 36.5215, 127.4692),
                                                                                          ('user148_63@daum.net', '1234', '김도윤', '축구', '남가좌제1동', 36.5579, 127.47500000000001),
                                                                                          ('user149_64@yahoo.com', '1234', '최수현', '축구', '남가좌제1동', 36.5143, 127.42800000000001),
                                                                                          ('user150_65@naver.com', '1234', '이도윤', '축구', '남가좌제1동', 36.5689, 127.4171),
                                                                                          ('user151_71@gmail.com', '1234', '이하준', '배드민턴', '남가좌제2동', 36.5598, 127.4735),
                                                                                          ('user152_72@daum.net', '1234', '최하준', '배드민턴', '남가좌제2동', 36.5675, 127.48610000000001),
                                                                                          ('user153_73@gmail.com', '1234', '이민서', '배드민턴', '남가좌제2동', 36.5694, 127.44630000000001),
                                                                                          ('user154_74@gmail.com', '1234', '최시우', '배드민턴', '남가좌제2동', 36.5849, 127.4595),
                                                                                          ('user155_75@yahoo.com', '1234', '이지민', '배드민턴', '남가좌제2동', 36.5728, 127.4817),
                                                                                          ('user156_71@daum.net', '1234', '박승우', '농구', '남가좌제2동', 36.5492, 127.47760000000001),
                                                                                          ('user157_72@naver.com', '1234', '김하준', '농구', '남가좌제2동', 36.5721, 127.465),
                                                                                          ('user158_73@hotmail.com', '1234', '최지호', '농구', '남가좌제2동', 36.5165, 127.4722),
                                                                                          ('user159_74@naver.com', '1234', '조서준', '농구', '남가좌제2동', 36.5706, 127.4516),
                                                                                          ('user160_75@gmail.com', '1234', '최수현', '농구', '남가좌제2동', 36.5815, 127.4505),
                                                                                          ('user161_71@yahoo.com', '1234', '조서연', '요리', '남가좌제2동', 36.5293, 127.41300000000001),
                                                                                          ('user162_72@yahoo.com', '1234', '임하늘', '요리', '남가좌제2동', 36.5427, 127.46310000000001),
                                                                                          ('user163_73@daum.net', '1234', '조지호', '요리', '남가좌제2동', 36.5363, 127.45500000000001),
                                                                                          ('user164_74@yahoo.com', '1234', '조민준', '요리', '남가좌제2동', 36.5502, 127.41890000000001),
                                                                                          ('user165_75@daum.net', '1234', '윤하늘', '요리', '남가좌제2동', 36.5577, 127.4166),
                                                                                          ('user166_71@naver.com', '1234', '한하린', '볼링', '남가좌제2동', 36.5388, 127.44170000000001),
                                                                                          ('user167_72@hotmail.com', '1234', '정하린', '볼링', '남가좌제2동', 36.5614, 127.46520000000001),
                                                                                          ('user168_73@yahoo.com', '1234', '조도윤', '볼링', '남가좌제2동', 36.5587, 127.4533),
                                                                                          ('user169_74@gmail.com', '1234', '임하린', '볼링', '남가좌제2동', 36.524, 127.4885),
                                                                                          ('user170_75@yahoo.com', '1234', '윤하준', '볼링', '남가좌제2동', 36.5442, 127.47460000000001),
                                                                                          ('user171_71@hotmail.com', '1234', '이시우', '축구', '남가좌제2동', 36.5882, 127.41860000000001),
                                                                                          ('user172_72@naver.com', '1234', '조도현', '축구', '남가좌제2동', 36.5139, 127.4376),
                                                                                          ('user173_73@gmail.com', '1234', '이수현', '축구', '남가좌제2동', 36.5106, 127.4192),
                                                                                          ('user174_74@daum.net', '1234', '조시우', '축구', '남가좌제2동', 36.5786, 127.4359),
                                                                                          ('user175_75@naver.com', '1234', '정하린', '축구', '남가좌제2동', 36.512, 127.4546),
                                                                                          ('user176_81@hotmail.com', '1234', '한하준', '배드민턴', '북가좌제1동', 36.565, 127.4654),
                                                                                          ('user177_82@gmail.com', '1234', '윤지민', '배드민턴', '북가좌제1동', 36.5743, 127.4777),
                                                                                          ('user178_83@daum.net', '1234', '정도윤', '배드민턴', '북가좌제1동', 36.561, 127.474),
                                                                                          ('user179_84@yahoo.com', '1234', '정승우', '배드민턴', '북가좌제1동', 36.5582, 127.42240000000001),
                                                                                          ('user180_85@yahoo.com', '1234', '최시우', '배드민턴', '북가좌제1동', 36.541, 127.44770000000001),
                                                                                          ('user181_81@daum.net', '1234', '장하늘', '농구', '북가좌제1동', 36.5628, 127.47850000000001),
                                                                                          ('user182_82@hotmail.com', '1234', '정지호', '농구', '북가좌제1동', 36.5418, 127.4162),
                                                                                          ('user183_83@hotmail.com', '1234', '이시우', '농구', '북가좌제1동', 36.5193, 127.4223),
                                                                                          ('user184_84@gmail.com', '1234', '최민서', '농구', '북가좌제1동', 36.5429, 127.44850000000001),
                                                                                          ('user185_85@naver.com', '1234', '임도현', '농구', '북가좌제1동', 36.5535, 127.4792),
                                                                                          ('user186_81@hotmail.com', '1234', '박도윤', '요리', '북가좌제1동', 36.5797, 127.4461),
                                                                                          ('user187_82@yahoo.com', '1234', '이수아', '요리', '북가좌제1동', 36.551, 127.42530000000001),
                                                                                          ('user188_83@daum.net', '1234', '이도현', '요리', '북가좌제1동', 36.5239, 127.41510000000001),
                                                                                          ('user189_84@yahoo.com', '1234', '이수현', '요리', '북가좌제1동', 36.5213, 127.4777),
                                                                                          ('user190_85@gmail.com', '1234', '조지민', '요리', '북가좌제1동', 36.558, 127.48540000000001),
                                                                                          ('user191_81@hotmail.com', '1234', '정민준', '볼링', '북가좌제1동', 36.5538, 127.44680000000001),
                                                                                          ('user192_82@hotmail.com', '1234', '장지우', '볼링', '북가좌제1동', 36.5255, 127.438),
                                                                                          ('user193_83@gmail.com', '1234', '박도윤', '볼링', '북가좌제1동', 36.555, 127.42880000000001),
                                                                                          ('user194_84@hotmail.com', '1234', '이하늘', '볼링', '북가좌제1동', 36.5208, 127.4118),
                                                                                          ('user195_85@naver.com', '1234', '조채원', '볼링', '북가좌제1동', 36.5837, 127.4774),
                                                                                          ('user196_81@hotmail.com', '1234', '김하린', '축구', '북가좌제1동', 36.5133, 127.4843),
                                                                                          ('user197_82@daum.net', '1234', '임지민', '축구', '북가좌제1동', 36.5768, 127.4877),
                                                                                          ('user198_83@gmail.com', '1234', '이시우', '축구', '북가좌제1동', 36.5485, 127.47980000000001),
                                                                                          ('user199_84@gmail.com', '1234', '정지민', '축구', '북가좌제1동', 36.562, 127.4688),
                                                                                          ('user200_85@naver.com', '1234', '김유진', '축구', '북가좌제1동', 36.5751, 127.4367),
                                                                                          ('user201_91@hotmail.com', '1234', '한유진', '배드민턴', '북가좌제2동', 36.5295, 127.4538),
                                                                                          ('user202_92@hotmail.com', '1234', '이서준', '배드민턴', '북가좌제2동', 36.5115, 127.4864),
                                                                                          ('user203_93@naver.com', '1234', '최서준', '배드민턴', '북가좌제2동', 36.5662, 127.44900000000001),
                                                                                          ('user204_94@naver.com', '1234', '최민준', '배드민턴', '북가좌제2동', 36.5568, 127.412),
                                                                                          ('user205_95@hotmail.com', '1234', '조도현', '배드민턴', '북가좌제2동', 36.5714, 127.4422),
                                                                                          ('user206_91@yahoo.com', '1234', '조지호', '농구', '북가좌제2동', 36.5685, 127.41120000000001),
                                                                                          ('user207_92@yahoo.com', '1234', '윤지호', '농구', '북가좌제2동', 36.5728, 127.4625),
                                                                                          ('user208_93@daum.net', '1234', '윤지우', '농구', '북가좌제2동', 36.5247, 127.47630000000001),
                                                                                          ('user209_94@hotmail.com', '1234', '이지우', '농구', '북가좌제2동', 36.5479, 127.4242),
                                                                                          ('user210_95@gmail.com', '1234', '임하윤', '농구', '북가좌제2동', 36.5833, 127.4796),
                                                                                          ('user211_91@gmail.com', '1234', '한지우', '요리', '북가좌제2동', 36.5814, 127.4809),
                                                                                          ('user212_92@naver.com', '1234', '장지호', '요리', '북가좌제2동', 36.5136, 127.4509),
                                                                                          ('user213_93@hotmail.com', '1234', '최하늘', '요리', '북가좌제2동', 36.5792, 127.43),
                                                                                          ('user214_94@daum.net', '1234', '한서준', '요리', '북가좌제2동', 36.5853, 127.4604),
                                                                                          ('user215_95@daum.net', '1234', '정유진', '요리', '북가좌제2동', 36.5892, 127.4132),
                                                                                          ('user216_91@gmail.com', '1234', '김예린', '볼링', '북가좌제2동', 36.546, 127.4175),
                                                                                          ('user217_92@yahoo.com', '1234', '장채원', '볼링', '북가좌제2동', 36.5459, 127.42070000000001),
                                                                                          ('user218_93@yahoo.com', '1234', '윤수아', '볼링', '북가좌제2동', 36.5869, 127.46610000000001),
                                                                                          ('user219_94@daum.net', '1234', '최민서', '볼링', '북가좌제2동', 36.5519, 127.4581),
                                                                                          ('user220_95@naver.com', '1234', '김수현', '볼링', '북가좌제2동', 36.5486, 127.48570000000001),
                                                                                          ('user221_91@hotmail.com', '1234', '한채원', '축구', '북가좌제2동', 36.5342, 127.47240000000001),
                                                                                          ('user222_92@gmail.com', '1234', '김수현', '축구', '북가좌제2동', 36.5827, 127.4899),
                                                                                          ('user223_93@naver.com', '1234', '윤민준', '축구', '북가좌제2동', 36.5488, 127.46560000000001),
                                                                                          ('user224_94@naver.com', '1234', '장승우', '축구', '북가좌제2동', 36.5483, 127.4559),
                                                                                          ('user225_95@hotmail.com', '1234', '조서준', '축구', '북가좌제2동', 36.5886, 127.4406),
                                                                                          ('user226_101@daum.net', '1234', '정민준', '배드민턴', '연희동', 36.541, 127.42200000000001),
                                                                                          ('user227_102@daum.net', '1234', '조유진', '배드민턴', '연희동', 36.5281, 127.4662),
                                                                                          ('user228_103@hotmail.com', '1234', '한지우', '배드민턴', '연희동', 36.5649, 127.4317),
                                                                                          ('user229_104@yahoo.com', '1234', '최지우', '배드민턴', '연희동', 36.5166, 127.4422),
                                                                                          ('user230_105@yahoo.com', '1234', '한하준', '배드민턴', '연희동', 36.5237, 127.4418),
                                                                                          ('user231_101@yahoo.com', '1234', '윤하준', '농구', '연희동', 36.5458, 127.4148),
                                                                                          ('user232_102@naver.com', '1234', '김채원', '농구', '연희동', 36.5354, 127.4345),
                                                                                          ('user233_103@yahoo.com', '1234', '장민서', '농구', '연희동', 36.5727, 127.4638),
                                                                                          ('user234_104@daum.net', '1234', '박민준', '농구', '연희동', 36.5636, 127.4745),
                                                                                          ('user235_105@naver.com', '1234', '정민준', '농구', '연희동', 36.563, 127.44460000000001),
                                                                                          ('user236_101@naver.com', '1234', '정도현', '요리', '연희동', 36.5219, 127.4324),
                                                                                          ('user237_102@daum.net', '1234', '한하늘', '요리', '연희동', 36.518, 127.46430000000001),
                                                                                          ('user238_103@hotmail.com', '1234', '이민준', '요리', '연희동', 36.5771, 127.4225),
                                                                                          ('user239_104@naver.com', '1234', '조하준', '요리', '연희동', 36.5116, 127.4546),
                                                                                          ('user240_105@yahoo.com', '1234', '윤승우', '요리', '연희동', 36.542, 127.48540000000001),
                                                                                          ('user241_101@gmail.com', '1234', '정서준', '볼링', '연희동', 36.5771, 127.4484),
                                                                                          ('user242_102@yahoo.com', '1234', '김지민', '볼링', '연희동', 36.545, 127.41680000000001),
                                                                                          ('user243_103@daum.net', '1234', '장도현', '볼링', '연희동', 36.5694, 127.4437),
                                                                                          ('user244_104@yahoo.com', '1234', '최하윤', '볼링', '연희동', 36.5554, 127.44640000000001),
                                                                                          ('user245_105@naver.com', '1234', '장지우', '볼링', '연희동', 36.5188, 127.4835),
                                                                                          ('user246_101@naver.com', '1234', '박하린', '축구', '연희동', 36.5205, 127.4731),
                                                                                          ('user247_102@gmail.com', '1234', '이시우', '축구', '연희동', 36.5121, 127.48540000000001),
                                                                                          ('user248_103@daum.net', '1234', '최수현', '축구', '연희동', 36.5356, 127.41300000000001),
                                                                                          ('user249_104@daum.net', '1234', '한민서', '축구', '연희동', 36.5491, 127.4542),
                                                                                          ('user250_105@hotmail.com', '1234', '윤도현', '축구', '연희동', 36.518, 127.47500000000001),
                                                                                          ('user251_111@naver.com', '1234', '장하늘', '배드민턴', '북아현동', 36.5763, 127.43870000000001),
                                                                                          ('user252_112@naver.com', '1234', '장서연', '배드민턴', '북아현동', 36.5266, 127.4649),
                                                                                          ('user253_113@daum.net', '1234', '최채원', '배드민턴', '북아현동', 36.5291, 127.43950000000001),
                                                                                          ('user254_114@daum.net', '1234', '정서준', '배드민턴', '북아현동', 36.5781, 127.4714),
                                                                                          ('user255_115@daum.net', '1234', '장민서', '배드민턴', '북아현동', 36.5381, 127.4397),
                                                                                          ('user256_111@daum.net', '1234', '김민서', '농구', '북아현동', 36.5383, 127.45410000000001),
                                                                                          ('user257_112@daum.net', '1234', '장민서', '농구', '북아현동', 36.5798, 127.44890000000001),
                                                                                          ('user258_113@naver.com', '1234', '조도윤', '농구', '북아현동', 36.5424, 127.4629),
                                                                                          ('user259_114@naver.com', '1234', '정도현', '농구', '북아현동', 36.576, 127.46770000000001),
                                                                                          ('user260_115@gmail.com', '1234', '김유진', '농구', '북아현동', 36.5167, 127.4504),
                                                                                          ('user261_111@gmail.com', '1234', '정하린', '요리', '북아현동', 36.5492, 127.4658),
                                                                                          ('user262_112@yahoo.com', '1234', '최하준', '요리', '북아현동', 36.5825, 127.4286),
                                                                                          ('user263_113@daum.net', '1234', '정하린', '요리', '북아현동', 36.5787, 127.42030000000001),
                                                                                          ('user264_114@naver.com', '1234', '이유진', '요리', '북아현동', 36.5859, 127.46300000000001),
                                                                                          ('user265_115@yahoo.com', '1234', '장예린', '요리', '북아현동', 36.585, 127.4882),
                                                                                          ('user266_111@gmail.com', '1234', '이서연', '볼링', '북아현동', 36.5429, 127.4722),
                                                                                          ('user267_112@naver.com', '1234', '임지호', '볼링', '북아현동', 36.5832, 127.4542),
                                                                                          ('user268_113@naver.com', '1234', '한도현', '볼링', '북아현동', 36.5507, 127.4377),
                                                                                          ('user269_114@daum.net', '1234', '한도윤', '볼링', '북아현동', 36.5532, 127.44420000000001),
                                                                                          ('user270_115@hotmail.com', '1234', '최예린', '볼링', '북아현동', 36.5859, 127.47840000000001),
                                                                                          ('user271_111@gmail.com', '1234', '최채원', '축구', '북아현동', 36.5764, 127.43700000000001),
                                                                                          ('user272_112@naver.com', '1234', '박하늘', '축구', '북아현동', 36.5811, 127.4645),
                                                                                          ('user273_113@hotmail.com', '1234', '한민서', '축구', '북아현동', 36.5231, 127.4312),
                                                                                          ('user274_114@daum.net', '1234', '정승우', '축구', '북아현동', 36.5544, 127.4116),
                                                                                          ('user275_115@hotmail.com', '1234', '한민준', '축구', '북아현동', 36.573, 127.429),
                                                                                          ('user276_121@gmail.com', '1234', '장수현', '배드민턴', '천연동', 36.5128, 127.4779),
                                                                                          ('user277_122@yahoo.com', '1234', '조서연', '배드민턴', '천연동', 36.5233, 127.42970000000001),
                                                                                          ('user278_123@gmail.com', '1234', '최하늘', '배드민턴', '천연동', 36.5655, 127.4662),
                                                                                          ('user279_124@daum.net', '1234', '윤도윤', '배드민턴', '천연동', 36.5632, 127.47760000000001),
                                                                                          ('user280_125@daum.net', '1234', '김수아', '배드민턴', '천연동', 36.5183, 127.4397),
                                                                                          ('user281_121@hotmail.com', '1234', '김도현', '농구', '천연동', 36.5368, 127.4509),
                                                                                          ('user282_122@hotmail.com', '1234', '박서연', '농구', '천연동', 36.5515, 127.4846),
                                                                                          ('user283_123@daum.net', '1234', '윤수현', '농구', '천연동', 36.5128, 127.411),
                                                                                          ('user284_124@gmail.com', '1234', '장지민', '농구', '천연동', 36.5231, 127.415),
                                                                                          ('user285_125@daum.net', '1234', '임유진', '농구', '천연동', 36.584, 127.43570000000001),
                                                                                          ('user286_121@gmail.com', '1234', '박하윤', '요리', '천연동', 36.5894, 127.4809),
                                                                                          ('user287_122@daum.net', '1234', '장도윤', '요리', '천연동', 36.5109, 127.45700000000001),
                                                                                          ('user288_123@daum.net', '1234', '김서연', '요리', '천연동', 36.5896, 127.42760000000001),
                                                                                          ('user289_124@naver.com', '1234', '김하린', '요리', '천연동', 36.5513, 127.4864),
                                                                                          ('user290_125@yahoo.com', '1234', '임하준', '요리', '천연동', 36.5108, 127.44510000000001),
                                                                                          ('user291_121@gmail.com', '1234', '장하늘', '볼링', '천연동', 36.5474, 127.4315),
                                                                                          ('user292_122@naver.com', '1234', '장지우', '볼링', '천연동', 36.5523, 127.47760000000001),
                                                                                          ('user293_123@naver.com', '1234', '한하린', '볼링', '천연동', 36.5665, 127.45450000000001),
                                                                                          ('user294_124@naver.com', '1234', '임시우', '볼링', '천연동', 36.5764, 127.4807),
                                                                                          ('user295_125@naver.com', '1234', '장하늘', '볼링', '천연동', 36.5821, 127.45200000000001),
                                                                                          ('user296_121@hotmail.com', '1234', '박민준', '축구', '천연동', 36.5378, 127.4222),
                                                                                          ('user297_122@daum.net', '1234', '김하준', '축구', '천연동', 36.5223, 127.479),
                                                                                          ('user298_123@hotmail.com', '1234', '윤하윤', '축구', '천연동', 36.5772, 127.43220000000001),
                                                                                          ('user299_124@yahoo.com', '1234', '한예린', '축구', '천연동', 36.5443, 127.44430000000001),
                                                                                          ('user300_125@naver.com', '1234', '임채원', '축구', '천연동', 36.523, 127.4209),
                                                                                          ('user301_131@hotmail.com', '1234', '김서준', '배드민턴', '현저동', 36.5479, 127.4454),
                                                                                          ('user302_132@yahoo.com', '1234', '한수아', '배드민턴', '현저동', 36.5679, 127.4671),
                                                                                          ('user303_133@naver.com', '1234', '한하준', '배드민턴', '현저동', 36.529, 127.46310000000001),
                                                                                          ('user304_134@hotmail.com', '1234', '장하준', '배드민턴', '현저동', 36.5769, 127.473),
                                                                                          ('user305_135@daum.net', '1234', '임서준', '배드민턴', '현저동', 36.5565, 127.43610000000001),
                                                                                          ('user306_131@gmail.com', '1234', '조서준', '농구', '현저동', 36.5142, 127.41600000000001),
                                                                                          ('user307_132@hotmail.com', '1234', '조유진', '농구', '현저동', 36.5843, 127.4702),
                                                                                          ('user308_133@naver.com', '1234', '최하늘', '농구', '현저동', 36.5271, 127.45230000000001),
                                                                                          ('user309_134@gmail.com', '1234', '임수현', '농구', '현저동', 36.5446, 127.47930000000001),
                                                                                          ('user310_135@naver.com', '1234', '임지우', '농구', '현저동', 36.5159, 127.47640000000001),
                                                                                          ('user311_131@gmail.com', '1234', '정수아', '요리', '현저동', 36.5613, 127.4774),
                                                                                          ('user312_132@gmail.com', '1234', '정지호', '요리', '현저동', 36.5413, 127.4865),
                                                                                          ('user313_133@daum.net', '1234', '임채원', '요리', '현저동', 36.5872, 127.47760000000001),
                                                                                          ('user314_134@daum.net', '1234', '장민서', '요리', '현저동', 36.5149, 127.4544),
                                                                                          ('user315_135@gmail.com', '1234', '윤유진', '요리', '현저동', 36.543, 127.4813),
                                                                                          ('user316_131@yahoo.com', '1234', '김지우', '볼링', '현저동', 36.5483, 127.48140000000001),
                                                                                          ('user317_132@gmail.com', '1234', '박채원', '볼링', '현저동', 36.5128, 127.43),
                                                                                          ('user318_133@naver.com', '1234', '이도현', '볼링', '현저동', 36.5126, 127.4483),
                                                                                          ('user319_134@yahoo.com', '1234', '임시우', '볼링', '현저동', 36.5512, 127.42),
                                                                                          ('user320_135@hotmail.com', '1234', '임지민', '볼링', '현저동', 36.5527, 127.4719),
                                                                                          ('user321_131@daum.net', '1234', '이서준', '축구', '현저동', 36.5622, 127.43140000000001),
                                                                                          ('user322_132@gmail.com', '1234', '임시우', '축구', '현저동', 36.5309, 127.41470000000001),
                                                                                          ('user323_133@naver.com', '1234', '임하윤', '축구', '현저동', 36.5536, 127.48240000000001),
                                                                                          ('user324_134@daum.net', '1234', '장하린', '축구', '현저동', 36.5397, 127.4222),
                                                                                          ('user325_135@gmail.com', '1234', '조수아', '축구', '현저동', 36.5453, 127.4598),
                                                                                          ('user326_141@daum.net', '1234', '정민서', '배드민턴', '창천동', 36.5539, 127.41600000000001),
                                                                                          ('user327_142@gmail.com', '1234', '이서준', '배드민턴', '창천동', 36.5187, 127.48490000000001),
                                                                                          ('user328_143@gmail.com', '1234', '임서연', '배드민턴', '창천동', 36.5273, 127.4727),
                                                                                          ('user329_144@daum.net', '1234', '이서준', '배드민턴', '창천동', 36.5656, 127.4333),
                                                                                          ('user330_145@gmail.com', '1234', '윤유진', '배드민턴', '창천동', 36.5456, 127.43480000000001),
                                                                                          ('user331_141@hotmail.com', '1234', '윤지호', '농구', '창천동', 36.5798, 127.42530000000001),
                                                                                          ('user332_142@naver.com', '1234', '정서준', '농구', '창천동', 36.5778, 127.4119),
                                                                                          ('user333_143@daum.net', '1234', '조하윤', '농구', '창천동', 36.585, 127.4462),
                                                                                          ('user334_144@yahoo.com', '1234', '이지민', '농구', '창천동', 36.5461, 127.4719),
                                                                                          ('user335_145@naver.com', '1234', '한수아', '농구', '창천동', 36.5349, 127.4332),
                                                                                          ('user336_141@hotmail.com', '1234', '이수현', '요리', '창천동', 36.5472, 127.4692),
                                                                                          ('user337_142@gmail.com', '1234', '이지호', '요리', '창천동', 36.5286, 127.43390000000001),
                                                                                          ('user338_143@daum.net', '1234', '박하늘', '요리', '창천동', 36.5667, 127.41510000000001),
                                                                                          ('user339_144@yahoo.com', '1234', '한하준', '요리', '창천동', 36.518, 127.42200000000001),
                                                                                          ('user340_145@naver.com', '1234', '임하준', '요리', '창천동', 36.5438, 127.42960000000001),
                                                                                          ('user341_141@yahoo.com', '1234', '최수현', '볼링', '창천동', 36.55, 127.43360000000001),
                                                                                          ('user342_142@naver.com', '1234', '정수아', '볼링', '창천동', 36.5765, 127.411),
                                                                                          ('user343_143@gmail.com', '1234', '최하린', '볼링', '창천동', 36.5797, 127.42070000000001),
                                                                                          ('user344_144@naver.com', '1234', '정유진', '볼링', '창천동', 36.5814, 127.4439),
                                                                                          ('user345_145@naver.com', '1234', '조서연', '볼링', '창천동', 36.5565, 127.41940000000001),
                                                                                          ('user346_141@yahoo.com', '1234', '한하늘', '축구', '창천동', 36.5643, 127.4354),
                                                                                          ('user347_142@daum.net', '1234', '윤하준', '축구', '창천동', 36.5256, 127.4103),
                                                                                          ('user348_143@hotmail.com', '1234', '윤서준', '축구', '창천동', 36.5807, 127.44210000000001),
                                                                                          ('user349_144@hotmail.com', '1234', '조서연', '축구', '창천동', 36.5551, 127.4458),
                                                                                          ('user350_145@hotmail.com', '1234', '최수아', '축구', '창천동', 36.5346, 127.43660000000001);
-- MEETINGS 샘플
INSERT INTO meetings (title, description, category, host_id, dong, start_time, end_time, max_participants, has_afterparty)
VALUES
    ('스터디 모임', '자바 스터디 함께해요', '스터디', 1, '흥덕구', '2025-09-10 10:00:00', '2025-09-10 12:00:00', 10, TRUE),
    ('축구 모임', '주말에 풋살 경기 합니다', '운동', 2, '서원구', '2025-09-12 15:00:00', '2025-09-12 17:00:00', 12, FALSE);

-- MEETING_PARTICIPANTS 샘플
INSERT INTO meeting_participants (meeting_id, user_id, joined_at)
VALUES
    (1, 2, '2025-09-08 09:00:00'),
    (2, 1, '2025-09-08 09:10:00');

-- SURVEY_QUESTION 샘플
INSERT INTO survey_question (id, question_text) VALUES
                                                    (1, '요즘 당신을 가장 힘들게 하는 것은 어떤 종류의 피로감인가요?'),
                                                    (2, '요즘 스트레스를 받을 때, 주로 어떻게 반응하나요?'),
                                                    (3, '새로운 사람과 만난다면, 어떤 방식의 소통이 가장 편안할까요?'),
                                                    (4, '운동을 통해 지금 당신이 가장 되찾고 싶은 감각은 무엇인가요?'),
                                                    (5, '요즘 당신을 가장 힘들게 하는 것은 어떤 종류의 피로감인가요? (다시)');

-- SURVEY_OPTION 샘플
-- Q1 보기
INSERT INTO survey_option (option_text, question_id) VALUES
                                                         ('정신적 소진: 뭘 해도 재미없고, 집중이 잘 안 돼요.', 1),
                                                         ('감정적 소진: 사소한 일에도 감정이 크게 요동쳐요.', 1),
                                                         ('신체적 소진: 충분히 자도 몸이 무겁고 게으름피우기만 해요.', 1),
                                                         ('관계적 소진: 사람들을 만나는 게 버겁고 혼자 있고 싶어요.', 1);

-- Q2 보기
INSERT INTO survey_option (option_text, question_id) VALUES
                                                         ('머리가 지끈거리고 생각이 많아져요.', 2),
                                                         ('어깨와 목 주변이 뻐근해졌어요.', 2),
                                                         ('가슴이 답답하고 숨쉬기 힘들 때가 있어요.', 2),
                                                         ('소화가 잘 안 되고 속이 더부룩해요.', 2);

-- Q3 보기
INSERT INTO survey_option (option_text, question_id) VALUES
                                                         ('묵묵한 동행: 많은 대화 없이 함께 있는 것만으로도 좋아요.', 3),
                                                         ('관심사 공유: 취미나 흥미로운 주제에 대해 이야기하고 싶어요.', 3),
                                                         ('공감적 교류: 서로의 고민을 풀어주고 공감을 나누고 싶어요.', 3),
                                                         ('가벼운 교류: 즐거운 농담이나 일상적인 대화를 나누고 싶어요.', 3);

-- Q4 보기
INSERT INTO survey_option (option_text, question_id) VALUES
                                                         ('개운함: 아무 생각 없이 땀 흘리고 싶어요.', 4),
                                                         ('평온함: 자연을 느끼며 마음을 사로잡히지 않고 싶어요.', 4),
                                                         ('성취감: 작은 목표라도 꾸준히 해내고 싶어요.', 4),
                                                         ('연결감: 누군가와 함께하고 있다는 느낌을 받고 싶어요.', 4);

-- Q5 보기
INSERT INTO survey_option (option_text, question_id) VALUES
                                                         ('정신적 소진: 뭘 해도 재미없고, 집중이 잘 안 돼요.', 5),
                                                         ('감정적 소진: 사소한 일에도 감정이 크게 요동쳐요.', 5),
                                                         ('신체적 소진: 충분히 자도 몸이 무겁고 게으름피우기만 해요.', 5),
                                                         ('관계적 소진: 사람들을 만나는 게 버겁고 혼자 있고 싶어요.', 5);

-- SURVEY_ANSWER 샘플 (임시 테스트용)
INSERT INTO survey_answer (user_id, question_id, selected_option)
VALUES
    (1, 1, '정신적 소진: 뭘 해도 재미없고, 집중이 잘 안 돼요.'),
    (2, 2, '어깨와 목 주변이 뻐근해졌어요.');
