-- USERS (1~10)
INSERT INTO users (email, password, oauth2id, provider, name) VALUES
                                                                  ('user1@gmail.com', '1234', NULL, NULL, '임서연'),
                                                                  ('user2@gmail.com', '1234', NULL, NULL, '이서준'),
                                                                  ('user3@gmail.com', '1234', NULL, NULL, '정민서'),
                                                                  ('user4@gmail.com', '1234', NULL, NULL, '윤도현'),
                                                                  ('user5@gmail.com', '1234', NULL, NULL, '박서준'),
                                                                  ('user6@gmail.com', '1234', NULL, NULL, '조민준'),
                                                                  ('user7@gmail.com', '1234', NULL, NULL, '김수현'),
                                                                  ('user8@gmail.com', '1234', NULL, NULL, '최하준'),
                                                                  ('user9@gmail.com', '1234', NULL, NULL, '한유진'),
                                                                  ('user10@gmail.com', '1234', NULL, NULL, '장예린');

-- USERS (11~20, Google 계정)
INSERT INTO users (email, password, oauth2id, provider, name) VALUES
                                                                  ('user11@gmail.com', NULL, 'google-1011', 'google', '임서연'),
                                                                  ('user12@gmail.com', NULL, 'google-1012', 'google', '이서준'),
                                                                  ('user13@gmail.com', NULL, 'google-1013', 'google', '정민서'),
                                                                  ('user14@gmail.com', NULL, 'google-1014', 'google', '윤도현'),
                                                                  ('user15@gmail.com', NULL, 'google-1015', 'google', '박서준'),
                                                                  ('user16@gmail.com', NULL, 'google-1016', 'google', '조민준'),
                                                                  ('user17@gmail.com', NULL, 'google-1017', 'google', '김수현'),
                                                                  ('user18@gmail.com', NULL, 'google-1018', 'google', '최하준'),
                                                                  ('user19@gmail.com', NULL, 'google-1019', 'google', '한유진'),
                                                                  ('user20@gmail.com', NULL, 'google-1020', 'google', '장예린');

-- USERS (21~30)
INSERT INTO users (email, password, oauth2id, provider, name) VALUES
                                                                  ('user21@gmail.com', NULL, 'google-1021', 'google', '임도윤'),
                                                                  ('user22@gmail.com', NULL, 'google-1022', 'google', '정하늘'),
                                                                  ('user23@gmail.com', NULL, 'google-1023', 'google', '최수아'),
                                                                  ('user24@gmail.com', NULL, 'google-1024', 'google', '윤하준'),
                                                                  ('user25@gmail.com', NULL, 'google-1025', 'google', '박지우'),
                                                                  ('user26@gmail.com', NULL, 'google-1026', 'google', '조수아'),
                                                                  ('user27@gmail.com', NULL, 'google-1027', 'google', '한도현'),
                                                                  ('user28@gmail.com', NULL, 'google-1028', 'google', '장민서'),
                                                                  ('user29@gmail.com', NULL, 'google-1029', 'google', '이도윤'),
                                                                  ('user30@gmail.com', NULL, 'google-1030', 'google', '임하늘');

-- USERS (31~40)
INSERT INTO users (email, password, oauth2id, provider, name) VALUES
                                                                  ('user31@gmail.com', NULL, 'google-1031', 'google', '최유진'),
                                                                  ('user32@gmail.com', NULL, 'google-1032', 'google', '조민서'),
                                                                  ('user33@gmail.com', NULL, 'google-1033', 'google', '윤하늘'),
                                                                  ('user34@gmail.com', NULL, 'google-1034', 'google', '박수아'),
                                                                  ('user35@gmail.com', NULL, 'google-1035', 'google', '김민준'),
                                                                  ('user36@gmail.com', NULL, 'google-1036', 'google', '장도윤'),
                                                                  ('user37@gmail.com', NULL, 'google-1037', 'google', '최하늘'),
                                                                  ('user38@gmail.com', NULL, 'google-1038', 'google', '정수아'),
                                                                  ('user39@gmail.com', NULL, 'google-1039', 'google', '윤지우'),
                                                                  ('user40@gmail.com', NULL, 'google-1040', 'google', '정하늘');

-- USERS (41~50, Kakao 계정)
INSERT INTO users (email, password, oauth2id, provider, name) VALUES
                                                                  ('user41@kakao.com', NULL, 'kakao-2041', 'kakao', '임서연'),
                                                                  ('user42@kakao.com', NULL, 'kakao-2042', 'kakao', '이서준'),
                                                                  ('user43@kakao.com', NULL, 'kakao-2043', 'kakao', '정민서'),
                                                                  ('user44@kakao.com', NULL, 'kakao-2044', 'kakao', '윤도현'),
                                                                  ('user45@kakao.com', NULL, 'kakao-2045', 'kakao', '박서준'),
                                                                  ('user46@kakao.com', NULL, 'kakao-2046', 'kakao', '조민준'),
                                                                  ('user47@kakao.com', NULL, 'kakao-2047', 'kakao', '김수현'),
                                                                  ('user48@kakao.com', NULL, 'kakao-2048', 'kakao', '최하준'),
                                                                  ('user49@kakao.com', NULL, 'kakao-2049', 'kakao', '한유진'),
                                                                  ('user50@kakao.com', NULL, 'kakao-2050', 'kakao', '장예린');

-- USERS (51~60)
INSERT INTO users (email, password, oauth2id, provider, name) VALUES
                                                                  ('user51@kakao.com', NULL, 'kakao-2051', 'kakao', '임도윤'),
                                                                  ('user52@kakao.com', NULL, 'kakao-2052', 'kakao', '정하늘'),
                                                                  ('user53@kakao.com', NULL, 'kakao-2053', 'kakao', '최수아'),
                                                                  ('user54@kakao.com', NULL, 'kakao-2054', 'kakao', '윤하준'),
                                                                  ('user55@kakao.com', NULL, 'kakao-2055', 'kakao', '박지우'),
                                                                  ('user56@kakao.com', NULL, 'kakao-2056', 'kakao', '조수아'),
                                                                  ('user57@kakao.com', NULL, 'kakao-2057', 'kakao', '한도현'),
                                                                  ('user58@kakao.com', NULL, 'kakao-2058', 'kakao', '장민서'),
                                                                  ('user59@kakao.com', NULL, 'kakao-2059', 'kakao', '이도윤'),
                                                                  ('user60@kakao.com', NULL, 'kakao-2060', 'kakao', '임하늘');

-- USERS (61~70)
INSERT INTO users (email, password, oauth2id, provider, name) VALUES
                                                                  ('user61@kakao.com', NULL, 'kakao-2061', 'kakao', '최유진'),
                                                                  ('user62@kakao.com', NULL, 'kakao-2062', 'kakao', '조민서'),
                                                                  ('user63@kakao.com', NULL, 'kakao-2063', 'kakao', '윤하늘'),
                                                                  ('user64@kakao.com', NULL, 'kakao-2064', 'kakao', '박수아'),
                                                                  ('user65@kakao.com', NULL, 'kakao-2065', 'kakao', '김민준'),
                                                                  ('user66@kakao.com', NULL, 'kakao-2066', 'kakao', '장도윤'),
                                                                  ('user67@kakao.com', NULL, 'kakao-2067', 'kakao', '최하늘'),
                                                                  ('user68@kakao.com', NULL, 'kakao-2068', 'kakao', '정수아'),
                                                                  ('user69@kakao.com', NULL, 'kakao-2069', 'kakao', '윤지우'),
                                                                  ('user70@kakao.com', NULL, 'kakao-2070', 'kakao', '최하준');

-- USERS (71~80)
INSERT INTO users (email, password, oauth2id, provider, name) VALUES
                                                                  ('user71@kakao.com', NULL, 'kakao-2071', 'kakao', '임도윤'),
                                                                  ('user72@kakao.com', NULL, 'kakao-2072', 'kakao', '임서연'),
                                                                  ('user73@kakao.com', NULL, 'kakao-2073', 'kakao', '정민서'),
                                                                  ('user74@kakao.com', NULL, 'kakao-2074', 'kakao', '윤도현'),
                                                                  ('user75@kakao.com', NULL, 'kakao-2075', 'kakao', '박민준'),
                                                                  ('user76@kakao.com', NULL, 'kakao-2076', 'kakao', '정하늘'),
                                                                  ('user77@kakao.com', NULL, 'kakao-2077', 'kakao', '한유진'),
                                                                  ('user78@kakao.com', NULL, 'kakao-2078', 'kakao', '장예린'),
                                                                  ('user79@kakao.com', NULL, 'kakao-2079', 'kakao', '이서준'),
                                                                  ('user80@kakao.com', NULL, 'kakao-2080', 'kakao', '최수아');

-- USERS (81~90)
INSERT INTO users (email, password, oauth2id, provider, name) VALUES
                                                                  ('user81@kakao.com', NULL, 'kakao-2081', 'kakao', '박서준'),
                                                                  ('user82@kakao.com', NULL, 'kakao-2082', 'kakao', '조민준'),
                                                                  ('user83@kakao.com', NULL, 'kakao-2083', 'kakao', '김수현'),
                                                                  ('user84@kakao.com', NULL, 'kakao-2084', 'kakao', '정민서'),
                                                                  ('user85@kakao.com', NULL, 'kakao-2085', 'kakao', '윤도현'),
                                                                  ('user86@kakao.com', NULL, 'kakao-2086', 'kakao', '박지우'),
                                                                  ('user87@kakao.com', NULL, 'kakao-2087', 'kakao', '조수아'),
                                                                  ('user88@kakao.com', NULL, 'kakao-2088', 'kakao', '한도현'),
                                                                  ('user89@kakao.com', NULL, 'kakao-2089', 'kakao', '장민서'),
                                                                  ('user90@kakao.com', NULL, 'kakao-2090', 'kakao', '최하준');

-- USERS (91~100)
INSERT INTO users (email, password, oauth2id, provider, name) VALUES
                                                                  ('user91@kakao.com', NULL, 'kakao-2091', 'kakao', '임도윤'),
                                                                  ('user92@kakao.com', NULL, 'kakao-2092', 'kakao', '최하준'),
                                                                  ('user93@kakao.com', NULL, 'kakao-2093', 'kakao', '윤하준'),
                                                                  ('user94@kakao.com', NULL, 'kakao-2094', 'kakao', '한도현'),
                                                                  ('user95@kakao.com', NULL, 'kakao-2095', 'kakao', '최수아'),
                                                                  ('user96@kakao.com', NULL, 'kakao-2096', 'kakao', '이서준'),
                                                                  ('user97@kakao.com', NULL, 'kakao-2097', 'kakao', '박서준'),
                                                                  ('user98@kakao.com', NULL, 'kakao-2098', 'kakao', '조수아'),
                                                                  ('user99@kakao.com', NULL, 'kakao-2099', 'kakao', '윤하준'),
                                                                  ('user100@kakao.com', NULL, 'kakao-2100', 'kakao', '임서연');

-- MEETINGS 샘플
INSERT INTO meetings
(title, description, category, host_id, location_lat, location_lng, address, dong, start_time, end_time, restriction, gender_limit, has_afterparty, max_participants)
VALUES
-- 1
('농구 연습', '기초 드리블부터 슛까지 함께 연습해요.', '농구', 5, 37.562, 126.926, '서울 서대문구 연희동 농구장', '연희동',
 '2025-09-10 19:00:00', '2025-09-10 21:00:00', NULL, NULL, TRUE, 10),

-- 2
('아침 배드민턴', '상쾌한 아침, 배드민턴으로 하루 시작!', '배드민턴', 12, 37.579, 126.911, '서울 서대문구 홍은제2동 체육관', '홍은제2동',
 '2025-09-11 07:00:00', '2025-09-11 09:00:00', '초급자 환영', '무관', FALSE, 8),

-- 3
('한식 클래스', '김치찌개와 불고기 요리 비법을 배워봐요.', '요리', 20, 37.556, 126.945, '서울 서대문구 북아현동 요리학원', '북아현동',
 '2025-09-12 15:00:00', '2025-09-12 17:00:00', NULL, '여성만', TRUE, 12),

-- 4
('저녁 축구 경기', '야간 조명 아래에서 축구 경기 즐겨요!', '축구', 8, 37.571, 126.925, '서울 서대문구 홍제제1동 풋살장', '홍제제1동',
 '2025-09-13 19:00:00', '2025-09-13 21:00:00', '20대~30대', NULL, FALSE, 14),

-- 5
('저녁 볼링', '스트레스 풀 겸 볼링 같이 치실 분 환영합니다!', '볼링', 33, 37.559, 126.931, '서울 서대문구 천연동 볼링센터', '천연동',
 '2025-09-14 18:00:00', '2025-09-14 20:00:00', NULL, NULL, FALSE, 6),

-- 6
('농구 친선전', '편하게 즐기는 농구 친선 경기입니다.', '농구', 15, 37.575, 126.939, '서울 서대문구 북가좌제1동 체육관', '북가좌제1동',
 '2025-09-15 17:00:00', '2025-09-15 19:00:00', NULL, NULL, FALSE, 12),

-- 7
('점심 배드민턴', '점심시간 가볍게 배드민턴 한 게임!', '배드민턴', 22, 37.567, 126.943, '서울 마포구 아현동 체육관', '아현동',
 '2025-09-15 12:00:00', '2025-09-15 13:00:00', NULL, '남성만', FALSE, 6),

-- 8
('저녁 요리 클래스', '파스타와 샐러드 요리를 함께 배워봅시다!', '요리', 11, 37.582, 126.934, '서울 서대문구 홍은제1동 요리카페', '홍은제1동',
 '2025-09-16 19:00:00', '2025-09-16 21:00:00', NULL, NULL, TRUE, 10),

-- 9
('주말 축구 경기', '이번 주말 풋살장에서 축구할 사람 모집합니다.', '축구', 19, 37.561, 126.919, '서울 마포구 연남동 풋살장', '연남동',
 '2025-09-17 10:00:00', '2025-09-17 12:00:00', NULL, NULL, TRUE, 12),

-- 10
('볼링 동호회 모임', '정기적으로 볼링 치는 모임입니다.', '볼링', 27, 37.566, 126.922, '서울 서대문구 신촌동 볼링센터', '신촌동',
 '2025-09-18 20:00:00', '2025-09-18 22:00:00', NULL, NULL, FALSE, 12),

-- 11
('농구 경기', '실력 상관없이 즐겁게 뛰어요.', '농구', 40, 37.568, 126.933, '서울 서대문구 홍제제2동 체육관', '홍제제2동',
 '2025-09-19 18:00:00', '2025-09-19 20:00:00', '초보자 환영', NULL, FALSE, 14),

-- 12
('저녁 배드민턴', '퇴근 후 가볍게 배드민턴 치러 가요.', '배드민턴', 36, 37.574, 126.928, '서울 서대문구 홍제제3동 체육관', '홍제제3동',
 '2025-09-20 19:00:00', '2025-09-20 21:00:00', NULL, NULL, FALSE, 8),

-- 13
('케이크 만들기 클래스', '베이킹으로 달콤한 하루!', '요리', 18, 37.577, 126.936, '서울 서대문구 홍은제2동 베이킹스튜디오', '홍은제2동',
 '2025-09-21 15:00:00', '2025-09-21 17:00:00', NULL, '여성만', TRUE, 8),

-- 14
('아침 축구 훈련', '출근 전 체력 키우는 축구 훈련', '축구', 21, 37.552, 126.941, '서울 마포구 대흥동 체육관', '대흥동',
 '2025-09-22 07:00:00', '2025-09-22 09:00:00', '20대', NULL, FALSE, 10),

-- 15
('토요일 볼링', '토요일 저녁 볼링 함께 하실 분!', '볼링', 13, 37.559, 126.918, '서울 서대문구 천연동 볼링센터', '천연동',
 '2025-09-23 18:00:00', '2025-09-23 20:00:00', NULL, NULL, FALSE, 6),

-- 16
('농구 대결', '2:2 농구 게임할 멤버 모집!', '농구', 7, 37.581, 126.931, '서울 서대문구 홍제제2동 농구장', '홍제제2동',
 '2025-09-24 19:00:00', '2025-09-24 21:00:00', NULL, NULL, TRUE, 8),

-- 17
('배드민턴 경기', '파트너 구해서 배드민턴 경기!', '배드민턴', 45, 37.563, 126.915, '서울 마포구 연남동 체육관', '연남동',
 '2025-09-25 20:00:00', '2025-09-25 22:00:00', NULL, NULL, FALSE, 10),

-- 18
('이탈리안 요리 클래스', '파스타와 리조또를 배워보아요.', '요리', 50, 37.560, 126.934, '서울 서대문구 연희동 쿠킹스튜디오', '연희동',
 '2025-09-26 17:00:00', '2025-09-26 19:00:00', NULL, NULL, TRUE, 10),

-- 19
('아침 축구 경기', '아침에 가볍게 뛰는 축구 경기', '축구', 9, 37.558, 126.939, '서울 서대문구 홍제제1동 풋살장', '홍제제1동',
 '2025-09-27 07:00:00', '2025-09-27 09:00:00', NULL, NULL, FALSE, 12),

-- 20
('볼링 연습', '볼링 점수 향상을 위한 모임', '볼링', 31, 37.562, 126.940, '서울 서대문구 연희동 볼링센터', '연희동',
 '2025-09-28 15:00:00', '2025-09-28 17:00:00', NULL, NULL, FALSE, 8),

-- 21
('농구 자유연습', '원하는 기술 연습 자유롭게!', '농구', 17, 37.573, 126.937, '서울 서대문구 홍제제3동 체육관', '홍제제3동',
 '2025-09-29 18:00:00', '2025-09-29 20:00:00', NULL, NULL, TRUE, 10),

-- 22
('주말 배드민턴', '주말 오후 배드민턴 한판!', '배드민턴', 29, 37.577, 126.927, '서울 서대문구 북가좌제1동 체육관', '북가좌제1동',
 '2025-09-30 14:00:00', '2025-09-30 16:00:00', NULL, NULL, FALSE, 8),

-- 23
('프랑스 요리 클래스', '디저트와 와인에 어울리는 요리 배우기', '요리', 6, 37.565, 126.924, '서울 마포구 공덕동 요리학원', '공덕동',
 '2025-09-30 18:00:00', '2025-09-30 20:00:00', NULL, '여성만', TRUE, 8),

-- 24
('저녁 축구 경기', '저녁시간 축구 경기 함께 해요.', '축구', 34, 37.568, 126.936, '서울 서대문구 홍은제2동 체육관', '홍은제2동',
 '2025-10-01 19:00:00', '2025-10-01 21:00:00', NULL, NULL, FALSE, 12),

-- 25
('토요일 볼링', '토요일 밤 볼링 게임!', '볼링', 23, 37.557, 126.921, '서울 서대문구 신촌동 볼링센터', '신촌동',
 '2025-10-02 20:00:00', '2025-10-02 22:00:00', NULL, NULL, FALSE, 6),

-- 26
('농구 저녁경기', '실력 상관없이 즐겁게 뛰는 경기', '농구', 14, 37.572, 126.930, '서울 서대문구 홍제제1동 체육관', '홍제제1동',
 '2025-10-03 18:00:00', '2025-10-03 20:00:00', NULL, NULL, TRUE, 12),

-- 27
('아침 배드민턴', '이른 아침 가볍게 배드민턴!', '배드민턴', 38, 37.569, 126.929, '서울 서대문구 홍제제2동 체육관', '홍제제2동',
 '2025-10-04 07:00:00', '2025-10-04 09:00:00', NULL, NULL, FALSE, 8),

-- 28
('디저트 클래스', '케이크와 쿠키 만들기 수업', '요리', 41, 37.563, 126.935, '서울 서대문구 연희동 베이킹스튜디오', '연희동',
 '2025-10-05 16:00:00', '2025-10-05 18:00:00', NULL, '여성만', TRUE, 6),

-- 29
('주말 축구 경기', '이번 주말 풋살장에서 즐거운 경기', '축구', 46, 37.564, 126.920, '서울 마포구 합정동 풋살장', '합정동',
 '2025-10-06 10:00:00', '2025-10-06 12:00:00', '20대 환영', NULL, FALSE, 14),

-- 30
('볼링 경기', '친목 볼링 대회 개최합니다!', '볼링', 53, 37.570, 126.932, '서울 서대문구 홍은제3동 볼링센터', '홍제제3동',
 '2025-10-07 19:00:00', '2025-10-07 21:00:00', NULL, NULL, TRUE, 12);

-- MEETING_PARTICIPANTS 샘플
INSERT INTO meeting_participants (meeting_id, user_id, joined_at)
VALUES
    (11, 55, '2025-09-08 10:30:00'),
    (14, 41, '2025-09-08 18:00:00'),
    (18, 6, '2025-09-07 19:30:00'),
    (20, 74, '2025-09-06 09:30:00'),
    (22, 63, '2025-09-01 11:00:00'),
    (19, 90, '2025-09-07 15:30:00'),
    (7, 33, '2025-09-08 11:30:00'),
    (7, 47, '2025-09-04 10:00:00'),
    (2, 2, '2025-09-09 12:00:00'),
    (15, 43, '2025-09-01 08:00:00'),
    (17, 99, '2025-09-05 11:30:00'),
    (29, 82, '2025-09-04 11:00:00'),
    (25, 63, '2025-09-06 19:30:00'),
    (21, 11, '2025-09-01 14:30:00'),
    (12, 28, '2025-09-01 08:00:00'),
    (3, 66, '2025-09-06 08:00:00'),
    (12, 42, '2025-09-04 12:00:00'),
    (4, 44, '2025-09-06 18:30:00'),
    (11, 13, '2025-09-07 19:00:00'),
    (20, 86, '2025-09-06 18:00:00'),
    (12, 32, '2025-09-08 19:00:00'),
    (26, 89, '2025-09-05 12:30:00'),
    (6, 25, '2025-09-09 11:00:00'),
    (30, 16, '2025-09-04 20:30:00'),
    (12, 80, '2025-09-03 19:00:00'),
    (21, 93, '2025-09-02 15:30:00'),
    (17, 11, '2025-09-03 11:30:00'),
    (18, 21, '2025-09-05 18:30:00'),
    (11, 56, '2025-09-06 18:30:00'),
    (9, 52, '2025-09-01 20:00:00'),
    (28, 92, '2025-09-02 14:30:00'),
    (1, 32, '2025-09-01 08:30:00'),
    (5, 7, '2025-09-06 15:00:00'),
    (20, 82, '2025-09-05 12:30:00'),
    (16, 88, '2025-09-09 17:30:00'),
    (1, 64, '2025-09-09 09:30:00'),
    (26, 41, '2025-09-01 17:30:00'),
    (15, 59, '2025-09-09 12:00:00'),
    (10, 98, '2025-09-05 11:00:00'),
    (10, 4, '2025-09-03 13:00:00');

-- SURVEY_QUESTION 샘플
INSERT INTO survey_question (id, question_text) VALUES
                                                    (1, '요즘 당신을 가장 힘들게 하는 것은 어떤 종류의 피로감인가요?'),
                                                    (2, '요즘 스트레스를 받을 때, 주로 어떻게 반응하나요?'),
                                                    (3, '새로운 사람과 만난다면, 어떤 방식의 소통이 가장 편안할까요?'),
                                                    (4, '운동을 통해 지금 당신이 가장 되찾고 싶은 감각은 무엇인가요?'),
                                                    (5, '요즘 당신을 가장 힘들게 하는 것은 어떤 종류의 피로감인가요? (다시)');

-- SURVEY_OPTION 샘플
-- Q1 보기
INSERT INTO survey_option (option_text, question_id) VALUES
                                                         ('정신적 소진: 뭘 해도 재미없고, 집중이 잘 안 돼요.', 1),
                                                         ('감정적 소진: 사소한 일에도 감정이 크게 요동쳐요.', 1),
                                                         ('신체적 소진: 충분히 자도 몸이 무겁고 게으름피우기만 해요.', 1),
                                                         ('관계적 소진: 사람들을 만나는 게 버겁고 혼자 있고 싶어요.', 1);

-- Q2 보기
INSERT INTO survey_option (option_text, question_id) VALUES
                                                         ('머리가 지끈거리고 생각이 많아져요.', 2),
                                                         ('어깨와 목 주변이 뻐근해졌어요.', 2),
                                                         ('가슴이 답답하고 숨쉬기 힘들 때가 있어요.', 2),
                                                         ('소화가 잘 안 되고 속이 더부룩해요.', 2);

-- Q3 보기
INSERT INTO survey_option (option_text, question_id) VALUES
                                                         ('묵묵한 동행: 많은 대화 없이 함께 있는 것만으로도 좋아요.', 3),
                                                         ('관심사 공유: 취미나 흥미로운 주제에 대해 이야기하고 싶어요.', 3),
                                                         ('공감적 교류: 서로의 고민을 풀어주고 공감을 나누고 싶어요.', 3),
                                                         ('가벼운 교류: 즐거운 농담이나 일상적인 대화를 나누고 싶어요.', 3);

-- Q4 보기
INSERT INTO survey_option (option_text, question_id) VALUES
                                                         ('개운함: 아무 생각 없이 땀 흘리고 싶어요.', 4),
                                                         ('평온함: 자연을 느끼며 마음을 사로잡히지 않고 싶어요.', 4),
                                                         ('성취감: 작은 목표라도 꾸준히 해내고 싶어요.', 4),
                                                         ('연결감: 누군가와 함께하고 있다는 느낌을 받고 싶어요.', 4);

-- Q5 보기
INSERT INTO survey_option (option_text, question_id) VALUES
                                                         ('정신적 소진: 뭘 해도 재미없고, 집중이 잘 안 돼요.', 5),
                                                         ('감정적 소진: 사소한 일에도 감정이 크게 요동쳐요.', 5),
                                                         ('신체적 소진: 충분히 자도 몸이 무겁고 게으름피우기만 해요.', 5),
                                                         ('관계적 소진: 사람들을 만나는 게 버겁고 혼자 있고 싶어요.', 5);

-- SURVEY_ANSWER 샘플 (임시 테스트용)
INSERT INTO survey_answer (user_id, question_id, selected_option)
VALUES
    (1, 1, '정신적 소진: 뭘 해도 재미없고, 집중이 잘 안 돼요.'),
    (2, 2, '어깨와 목 주변이 뻐근해졌어요.');
