-- USERS 샘플
INSERT INTO users (email, password, oauth2_id, provider, name, username, dong, location_lat, location_lng)
VALUES
    ('user1@gmail.com', '1234', NULL, NULL, '임서연', '볼링', '홍제제3동', 36.567813, 127.443862),
    ('user2@gmail.com', '1234', NULL, NULL, '이서준', '축구', '천연동', 36.519073, 127.410612),
    ('user3@gmail.com', '1234', NULL, NULL, '이서준', '축구', '북가좌제1동', 36.539587, 127.477151),
    ('user4@gmail.com', '1234', NULL, NULL, '윤도현', '농구', '남가좌제1동', 36.538777, 127.452645),
    ('user5@gmail.com', '1234', NULL, NULL, '정민서', '배드민턴', '북아현동', 36.538763, 127.419585),
    ('user6@gmail.com', '1234', NULL, NULL, '정하늘', '배드민턴', '남가좌제1동', 36.535793, 127.469723),
    ('user7@gmail.com', '1234', NULL, NULL, '박서준', '배드민턴', '홍제제3동', 36.575254, 127.420915),
    ('user8@gmail.com', '1234', NULL, NULL, '이서준', '볼링', '연희동', 36.549252, 127.451973),
    ('user9@gmail.com', '1234', NULL, NULL, '정민서', '요리', '천연동', 36.526557, 127.455277),
    ('user10@gmail.com', '1234', NULL, NULL, '조민준', '배드민턴', '홍제제2동', 36.541621, 127.477727),
    ('user11@gmail.com', '1234', NULL, NULL, '조민준', '요리', '홍제제1동', 36.573551, 127.446115),
    ('user12@gmail.com', '1234', NULL, NULL, '임서연', '축구', '홍은제1동', 36.573222, 127.423039),
    ('user13@gmail.com', '1234', NULL, NULL, '조민준', '요리', '홍제제1동', 36.538559, 127.455813),
    ('user14@gmail.com', '1234', NULL, NULL, '정민서', '볼링', '북가좌제1동', 36.578389, 127.467731),
    ('user15@gmail.com', '1234', NULL, NULL, '임서연', '농구', '홍은제2동', 36.534905, 127.478854),
    ('user16@gmail.com', '1234', NULL, NULL, '한도현', '요리', '북가좌제2동', 36.553333, 127.47477),
    ('user17@gmail.com', '1234', NULL, NULL, '박민준', '요리', '홍제제1동', 36.537768, 127.438871),
    ('user18@gmail.com', '1234', NULL, NULL, '최수아', '볼링', '홍제제2동', 36.559727, 127.494238),
    ('user19@gmail.com', '1234', NULL, NULL, '최수아', '볼링', '북가좌제2동', 36.524917, 127.436458),
    ('user20@gmail.com', '1234', NULL, NULL, '임서연', '축구', '북아현동', 36.57767, 127.493677),
    ('user21@gmail.com', '1234', NULL, NULL, '장예린', '농구', '북가좌제2동', 36.568929, 127.479758),
    ('user22@gmail.com', '1234', NULL, NULL, '최하준', '농구', '홍제제1동', 36.576896, 127.418826),
    ('user23@gmail.com', '1234', NULL, NULL, '이서준', '요리', '연희동', 36.570212, 127.496322),
    ('user24@gmail.com', '1234', NULL, NULL, '윤도현', '농구', '연희동', 36.551783, 127.44893),
    ('user25@gmail.com', '1234', NULL, NULL, '조민준', '배드민턴', '남가좌제1동', 36.559246, 127.454937),
    ('user26@gmail.com', '1234', NULL, NULL, '윤하준', '배드민턴', '홍제제3동', 36.541096, 127.42853),
    ('user27@gmail.com', '1234', NULL, NULL, '박서준', '농구', '연희동', 36.512321, 127.452113),
    ('user28@gmail.com', '1234', NULL, NULL, '임서연', '축구', '홍은제2동', 36.541219, 127.421951),
    ('user29@gmail.com', '1234', NULL, NULL, '최수아', '요리', '홍제제2동', 36.525431, 127.487456),
    ('user30@gmail.com', '1234', NULL, NULL, '임서연', '볼링', '홍제제3동', 36.52338, 127.476514),
    ('user31@gmail.com', '1234', NULL, NULL, '임도윤', '농구', '북아현동', 36.537993, 127.477547),
    ('user32@gmail.com', '1234', NULL, NULL, '조민준', '볼링', '북가좌제2동', 36.539028, 127.482903),
    ('user33@gmail.com', '1234', NULL, NULL, '임도윤', '요리', '연희동', 36.582687, 127.485245),
    ('user34@gmail.com', '1234', NULL, NULL, '장민서', '배드민턴', '남가좌제1동', 36.502791, 127.453674),
    ('user35@gmail.com', '1234', NULL, NULL, '윤하준', '축구', '남가좌제2동', 36.55193, 127.414255),
    ('user36@gmail.com', '1234', NULL, NULL, '한도현', '배드민턴', '홍제제2동', 36.517371, 127.453135),
    ('user37@gmail.com', '1234', NULL, NULL, '이서준', '요리', '남가좌제2동', 36.577523, 127.445335),
    ('user38@gmail.com', '1234', NULL, NULL, '박지우', '배드민턴', '홍은제2동', 36.591741, 127.45987),
    ('user39@gmail.com', '1234', NULL, NULL, '임도윤', '배드민턴', '연희동', 36.500211, 127.438372),
    ('user40@gmail.com', '1234', NULL, NULL, '박지우', '요리', '북가좌제1동', 36.555388, 127.41809),
    ('user41@gmail.com', NULL, 'google-1041', 'google', '한유진', '볼링', '홍은제1동', 36.550462, 127.469949),
    ('user42@gmail.com', NULL, 'google-1042', 'google', '조민준', '요리', '홍은제2동', 36.502491, 127.49925),
    ('user43@gmail.com', NULL, 'google-1043', 'google', '조수아', '축구', '홍제제2동', 36.544343, 127.462581),
    ('user44@gmail.com', NULL, 'google-1044', 'google', '박지우', '축구', '남가좌제2동', 36.52692, 127.484629),
    ('user45@gmail.com', NULL, 'google-1045', 'google', '최수아', '배드민턴', '홍은제1동', 36.512307, 127.402747),
    ('user46@gmail.com', NULL, 'google-1046', 'google', '윤하준', '배드민턴', '연희동', 36.531792, 127.487244),
    ('user47@gmail.com', NULL, 'google-1047', 'google', '장민서', '축구', '남가좌제2동', 36.514981, 127.451785),
    ('user48@gmail.com', NULL, 'google-1048', 'google', '윤도현', '요리', '북가좌제1동', 36.589992, 127.463479),
    ('user49@gmail.com', NULL, 'google-1049', 'google', '최하준', '볼링', '연희동', 36.524502, 127.457665),
    ('user50@gmail.com', NULL, 'google-1050', 'google', '한도현', '축구', '북가좌제2동', 36.5315, 127.442809),
    ('user51@gmail.com', NULL, 'google-1051', 'google', '박서준', '축구', '북아현동', 36.581126, 127.411335),
    ('user52@gmail.com', NULL, 'google-1052', 'google', '장예린', '볼링', '홍은제1동', 36.520597, 127.401202),
    ('user53@gmail.com', NULL, 'google-1053', 'google', '박지우', '농구', '연희동', 36.548144, 127.415256),
    ('user54@gmail.com', NULL, 'google-1054', 'google', '박서준', '요리', '홍제제1동', 36.536766, 127.404313),
    ('user55@gmail.com', NULL, 'google-1055', 'google', '조민준', '배드민턴', '홍은제2동', 36.518158, 127.400709),
    ('user56@gmail.com', NULL, 'google-1056', 'google', '박지우', '축구', '홍은제1동', 36.547664, 127.426333),
    ('user57@gmail.com', NULL, 'google-1057', 'google', '박서준', '농구', '홍은제2동', 36.582473, 127.460787),
    ('user58@gmail.com', NULL, 'google-1058', 'google', '김수현', '볼링', '남가좌제1동', 36.578791, 127.414111),
    ('user59@gmail.com', NULL, 'google-1059', 'google', '최수아', '축구', '북가좌제1동', 36.559498, 127.486438),
    ('user60@gmail.com', NULL, 'google-1060', 'google', '박서준', '배드민턴', '북아현동', 36.545293, 127.421141),
    ('user61@gmail.com', NULL, 'google-1061', 'google', '이서준', '축구', '북가좌제2동', 36.509866, 127.450021),
    ('user62@gmail.com', NULL, 'google-1062', 'google', '장예린', '볼링', '홍제제1동', 36.593108, 127.465351),
    ('user63@gmail.com', NULL, 'google-1063', 'google', '윤도현', '축구', '홍제제1동', 36.571282, 127.417948),
    ('user64@gmail.com', NULL, 'google-1064', 'google', '김수현', '요리', '북아현동', 36.598319, 127.407778),
    ('user65@gmail.com', NULL, 'google-1065', 'google', '최하준', '볼링', '홍제제1동', 36.56134, 127.491061),
    ('user66@gmail.com', NULL, 'google-1066', 'google', '윤하준', '볼링', '홍은제2동', 36.586346, 127.462143),
    ('user67@gmail.com', NULL, 'google-1067', 'google', '한유진', '볼링', '천연동', 36.556817, 127.447767),
    ('user68@gmail.com', NULL, 'google-1068', 'google', '박지우', '요리', '연희동', 36.50358, 127.481555),
    ('user69@gmail.com', NULL, 'google-1069', 'google', '장예린', '볼링', '남가좌제1동', 36.523865, 127.416483),
    ('user70@gmail.com', NULL, 'google-1070', 'google', '정하늘', '볼링', '남가좌제1동', 36.582636, 127.460379),
    ('user71@kakao.com', NULL, 'kakao-2071', 'kakao', '임도윤', '볼링', '홍제제3동', 36.512729, 127.496577),
    ('user72@kakao.com', NULL, 'kakao-2072', 'kakao', '임서연', '축구', '연희동', 36.587906, 127.441231),
    ('user73@kakao.com', NULL, 'kakao-2073', 'kakao', '정민서', '축구', '연희동', 36.574878, 127.426432),
    ('user74@kakao.com', NULL, 'kakao-2074', 'kakao', '윤도현', '배드민턴', '연희동', 36.569567, 127.440379),
    ('user75@kakao.com', NULL, 'kakao-2075', 'kakao', '박민준', '농구', '북가좌제1동', 36.556737, 127.417564),
    ('user76@kakao.com', NULL, 'kakao-2076', 'kakao', '박민준', '배드민턴', '남가좌제1동', 36.557319, 127.431886),
    ('user77@kakao.com', NULL, 'kakao-2077', 'kakao', '임서연', '배드민턴', '홍제제2동', 36.521103, 127.409055),
    ('user78@kakao.com', NULL, 'kakao-2078', 'kakao', '정하늘', '요리', '남가좌제1동', 36.576861, 127.468402),
    ('user79@kakao.com', NULL, 'kakao-2079', 'kakao', '정하늘', '볼링', '홍은제1동', 36.586904, 127.405146),
    ('user80@kakao.com', NULL, 'kakao-2080', 'kakao', '최하준', '농구', '북아현동', 36.593794, 127.434624),
    ('user81@kakao.com', NULL, 'kakao-2081', 'kakao', '정민서', '축구', '천연동', 36.544546, 127.488511),
    ('user82@kakao.com', NULL, 'kakao-2082', 'kakao', '이서준', '배드민턴', '남가좌제1동', 36.566081, 127.435817),
    ('user83@kakao.com', NULL, 'kakao-2083', 'kakao', '박서준', '축구', '북가좌제2동', 36.568976, 127.46688),
    ('user84@kakao.com', NULL, 'kakao-2084', 'kakao', '한도현', '축구', '연희동', 36.563291, 127.457194),
    ('user85@kakao.com', NULL, 'kakao-2085', 'kakao', '박민준', '농구', '남가좌제1동', 36.525296, 127.410374),
    ('user86@kakao.com', NULL, 'kakao-2086', 'kakao', '박지우', '농구', '홍제제1동', 36.535615, 127.447865),
    ('user87@kakao.com', NULL, 'kakao-2087', 'kakao', '박서준', '축구', '홍제제3동', 36.58079, 127.410595),
    ('user88@kakao.com', NULL, 'kakao-2088', 'kakao', '윤도현', '볼링', '남가좌제1동', 36.526381, 127.44402),
    ('user89@kakao.com', NULL, 'kakao-2089', 'kakao', '한도현', '요리', '홍제제1동', 36.526391, 127.445568),
    ('user90@kakao.com', NULL, 'kakao-2090', 'kakao', '윤하준', '요리', '홍제제2동', 36.576663, 127.449969),
    ('user91@kakao.com', NULL, 'kakao-2091', 'kakao', '임도윤', '요리', '천연동', 36.504933, 127.438498),
    ('user92@kakao.com', NULL, 'kakao-2092', 'kakao', '최하준', '축구', '홍제제3동', 36.509384, 127.446846),
    ('user93@kakao.com', NULL, 'kakao-2093', 'kakao', '윤하준', '볼링', '홍제제2동', 36.507143, 127.450149),
    ('user94@kakao.com', NULL, 'kakao-2094', 'kakao', '한도현', '농구', '홍은제2동', 36.506475, 127.436529),
    ('user95@kakao.com', NULL, 'kakao-2095', 'kakao', '최하준', '축구', '남가좌제1동', 36.507439, 127.450428),
    ('user96@kakao.com', NULL, 'kakao-2096', 'kakao', '이서준', '요리', '북가좌제1동', 36.535104, 127.428788),
    ('user97@kakao.com', NULL, 'kakao-2097', 'kakao', '박서준', '배드민턴', '북가좌제1동', 36.571901, 127.45947),
    ('user98@kakao.com', NULL, 'kakao-2098', 'kakao', '조수아', '배드민턴', '연희동', 36.550281, 127.454467),
    ('user99@kakao.com', NULL, 'kakao-2099', 'kakao', '윤하준', '축구', '천연동', 36.591053, 127.457724),
    ('user100@kakao.com', NULL, 'kakao-2100', 'kakao', '임서연', '요리', '남가좌제2동', 36.575968, 127.437387);

-- MEETINGS 샘플
INSERT INTO meetings
(title, description, category, host_id, location_lat, location_lng, address, dong, start_time, end_time, restriction, gender_limit, has_afterparty, max_participants)
VALUES
-- 1
('농구 연습', '기초 드리블부터 슛까지 함께 연습해요.', '농구', 5, 37.562, 126.926, '서울 서대문구 연희동 농구장', '연희동',
 '2025-09-10 19:00:00', '2025-09-10 21:00:00', NULL, NULL, TRUE, 10),

-- 2
('아침 배드민턴', '상쾌한 아침, 배드민턴으로 하루 시작!', '배드민턴', 12, 37.579, 126.911, '서울 서대문구 홍은제2동 체육관', '홍은제2동',
 '2025-09-11 07:00:00', '2025-09-11 09:00:00', '초급자 환영', '무관', FALSE, 8),

-- 3
('한식 클래스', '김치찌개와 불고기 요리 비법을 배워봐요.', '요리', 20, 37.556, 126.945, '서울 서대문구 북아현동 요리학원', '북아현동',
 '2025-09-12 15:00:00', '2025-09-12 17:00:00', NULL, '여성만', TRUE, 12),

-- 4
('저녁 축구 경기', '야간 조명 아래에서 축구 경기 즐겨요!', '축구', 8, 37.571, 126.925, '서울 서대문구 홍제제1동 풋살장', '홍제제1동',
 '2025-09-13 19:00:00', '2025-09-13 21:00:00', '20대~30대', NULL, FALSE, 14),

-- 5
('저녁 볼링', '스트레스 풀 겸 볼링 같이 치실 분 환영합니다!', '볼링', 33, 37.559, 126.931, '서울 서대문구 천연동 볼링센터', '천연동',
 '2025-09-14 18:00:00', '2025-09-14 20:00:00', NULL, NULL, FALSE, 6),

-- 6
('농구 친선전', '편하게 즐기는 농구 친선 경기입니다.', '농구', 15, 37.575, 126.939, '서울 서대문구 북가좌제1동 체육관', '북가좌제1동',
 '2025-09-15 17:00:00', '2025-09-15 19:00:00', NULL, NULL, FALSE, 12),

-- 7
('점심 배드민턴', '점심시간 가볍게 배드민턴 한 게임!', '배드민턴', 22, 37.567, 126.943, '서울 마포구 아현동 체육관', '아현동',
 '2025-09-15 12:00:00', '2025-09-15 13:00:00', NULL, '남성만', FALSE, 6),

-- 8
('저녁 요리 클래스', '파스타와 샐러드 요리를 함께 배워봅시다!', '요리', 11, 37.582, 126.934, '서울 서대문구 홍은제1동 요리카페', '홍은제1동',
 '2025-09-16 19:00:00', '2025-09-16 21:00:00', NULL, NULL, TRUE, 10),

-- 9
('주말 축구 경기', '이번 주말 풋살장에서 축구할 사람 모집합니다.', '축구', 19, 37.561, 126.919, '서울 마포구 연남동 풋살장', '연남동',
 '2025-09-17 10:00:00', '2025-09-17 12:00:00', NULL, NULL, TRUE, 12),

-- 10
('볼링 동호회 모임', '정기적으로 볼링 치는 모임입니다.', '볼링', 27, 37.566, 126.922, '서울 서대문구 신촌동 볼링센터', '신촌동',
 '2025-09-18 20:00:00', '2025-09-18 22:00:00', NULL, NULL, FALSE, 12),

-- 11
('농구 경기', '실력 상관없이 즐겁게 뛰어요.', '농구', 40, 37.568, 126.933, '서울 서대문구 홍제제2동 체육관', '홍제제2동',
 '2025-09-19 18:00:00', '2025-09-19 20:00:00', '초보자 환영', NULL, FALSE, 14),

-- 12
('저녁 배드민턴', '퇴근 후 가볍게 배드민턴 치러 가요.', '배드민턴', 36, 37.574, 126.928, '서울 서대문구 홍제제3동 체육관', '홍제제3동',
 '2025-09-20 19:00:00', '2025-09-20 21:00:00', NULL, NULL, FALSE, 8),

-- 13
('케이크 만들기 클래스', '베이킹으로 달콤한 하루!', '요리', 18, 37.577, 126.936, '서울 서대문구 홍은제2동 베이킹스튜디오', '홍은제2동',
 '2025-09-21 15:00:00', '2025-09-21 17:00:00', NULL, '여성만', TRUE, 8),

-- 14
('아침 축구 훈련', '출근 전 체력 키우는 축구 훈련', '축구', 21, 37.552, 126.941, '서울 마포구 대흥동 체육관', '대흥동',
 '2025-09-22 07:00:00', '2025-09-22 09:00:00', '20대', NULL, FALSE, 10),

-- 15
('토요일 볼링', '토요일 저녁 볼링 함께 하실 분!', '볼링', 13, 37.559, 126.918, '서울 서대문구 천연동 볼링센터', '천연동',
 '2025-09-23 18:00:00', '2025-09-23 20:00:00', NULL, NULL, FALSE, 6),

-- 16
('농구 대결', '2:2 농구 게임할 멤버 모집!', '농구', 7, 37.581, 126.931, '서울 서대문구 홍제제2동 농구장', '홍제제2동',
 '2025-09-24 19:00:00', '2025-09-24 21:00:00', NULL, NULL, TRUE, 8),

-- 17
('배드민턴 경기', '파트너 구해서 배드민턴 경기!', '배드민턴', 45, 37.563, 126.915, '서울 마포구 연남동 체육관', '연남동',
 '2025-09-25 20:00:00', '2025-09-25 22:00:00', NULL, NULL, FALSE, 10),

-- 18
('이탈리안 요리 클래스', '파스타와 리조또를 배워보아요.', '요리', 50, 37.560, 126.934, '서울 서대문구 연희동 쿠킹스튜디오', '연희동',
 '2025-09-26 17:00:00', '2025-09-26 19:00:00', NULL, NULL, TRUE, 10),

-- 19
('아침 축구 경기', '아침에 가볍게 뛰는 축구 경기', '축구', 9, 37.558, 126.939, '서울 서대문구 홍제제1동 풋살장', '홍제제1동',
 '2025-09-27 07:00:00', '2025-09-27 09:00:00', NULL, NULL, FALSE, 12),

-- 20
('볼링 연습', '볼링 점수 향상을 위한 모임', '볼링', 31, 37.562, 126.940, '서울 서대문구 연희동 볼링센터', '연희동',
 '2025-09-28 15:00:00', '2025-09-28 17:00:00', NULL, NULL, FALSE, 8),

-- 21
('농구 자유연습', '원하는 기술 연습 자유롭게!', '농구', 17, 37.573, 126.937, '서울 서대문구 홍제제3동 체육관', '홍제제3동',
 '2025-09-29 18:00:00', '2025-09-29 20:00:00', NULL, NULL, TRUE, 10),

-- 22
('주말 배드민턴', '주말 오후 배드민턴 한판!', '배드민턴', 29, 37.577, 126.927, '서울 서대문구 북가좌제1동 체육관', '북가좌제1동',
 '2025-09-30 14:00:00', '2025-09-30 16:00:00', NULL, NULL, FALSE, 8),

-- 23
('프랑스 요리 클래스', '디저트와 와인에 어울리는 요리 배우기', '요리', 6, 37.565, 126.924, '서울 마포구 공덕동 요리학원', '공덕동',
 '2025-09-30 18:00:00', '2025-09-30 20:00:00', NULL, '여성만', TRUE, 8),

-- 24
('저녁 축구 경기', '저녁시간 축구 경기 함께 해요.', '축구', 34, 37.568, 126.936, '서울 서대문구 홍은제2동 체육관', '홍은제2동',
 '2025-10-01 19:00:00', '2025-10-01 21:00:00', NULL, NULL, FALSE, 12),

-- 25
('토요일 볼링', '토요일 밤 볼링 게임!', '볼링', 23, 37.557, 126.921, '서울 서대문구 신촌동 볼링센터', '신촌동',
 '2025-10-02 20:00:00', '2025-10-02 22:00:00', NULL, NULL, FALSE, 6),

-- 26
('농구 저녁경기', '실력 상관없이 즐겁게 뛰는 경기', '농구', 14, 37.572, 126.930, '서울 서대문구 홍제제1동 체육관', '홍제제1동',
 '2025-10-03 18:00:00', '2025-10-03 20:00:00', NULL, NULL, TRUE, 12),

-- 27
('아침 배드민턴', '이른 아침 가볍게 배드민턴!', '배드민턴', 38, 37.569, 126.929, '서울 서대문구 홍제제2동 체육관', '홍제제2동',
 '2025-10-04 07:00:00', '2025-10-04 09:00:00', NULL, NULL, FALSE, 8),

-- 28
('디저트 클래스', '케이크와 쿠키 만들기 수업', '요리', 41, 37.563, 126.935, '서울 서대문구 연희동 베이킹스튜디오', '연희동',
 '2025-10-05 16:00:00', '2025-10-05 18:00:00', NULL, '여성만', TRUE, 6),

-- 29
('주말 축구 경기', '이번 주말 풋살장에서 즐거운 경기', '축구', 46, 37.564, 126.920, '서울 마포구 합정동 풋살장', '합정동',
 '2025-10-06 10:00:00', '2025-10-06 12:00:00', '20대 환영', NULL, FALSE, 14),

-- 30
('볼링 경기', '친목 볼링 대회 개최합니다!', '볼링', 53, 37.570, 126.932, '서울 서대문구 홍은제3동 볼링센터', '홍제제3동',
 '2025-10-07 19:00:00', '2025-10-07 21:00:00', NULL, NULL, TRUE, 12);

-- MEETING_PARTICIPANTS 샘플
INSERT INTO meeting_participants (meeting_id, user_id, joined_at)
VALUES
    (11, 55, '2025-09-08 10:30:00'),
    (14, 41, '2025-09-08 18:00:00'),
    (18, 6, '2025-09-07 19:30:00'),
    (20, 74, '2025-09-06 09:30:00'),
    (22, 63, '2025-09-01 11:00:00'),
    (19, 90, '2025-09-07 15:30:00'),
    (7, 33, '2025-09-08 11:30:00'),
    (7, 47, '2025-09-04 10:00:00'),
    (2, 2, '2025-09-09 12:00:00'),
    (15, 43, '2025-09-01 08:00:00'),
    (17, 99, '2025-09-05 11:30:00'),
    (29, 82, '2025-09-04 11:00:00'),
    (25, 63, '2025-09-06 19:30:00'),
    (21, 11, '2025-09-01 14:30:00'),
    (12, 28, '2025-09-01 08:00:00'),
    (3, 66, '2025-09-06 08:00:00'),
    (12, 42, '2025-09-04 12:00:00'),
    (4, 44, '2025-09-06 18:30:00'),
    (11, 13, '2025-09-07 19:00:00'),
    (20, 86, '2025-09-06 18:00:00'),
    (12, 32, '2025-09-08 19:00:00'),
    (26, 89, '2025-09-05 12:30:00'),
    (6, 25, '2025-09-09 11:00:00'),
    (30, 16, '2025-09-04 20:30:00'),
    (12, 80, '2025-09-03 19:00:00'),
    (21, 93, '2025-09-02 15:30:00'),
    (17, 11, '2025-09-03 11:30:00'),
    (18, 21, '2025-09-05 18:30:00'),
    (11, 56, '2025-09-06 18:30:00'),
    (9, 52, '2025-09-01 20:00:00'),
    (28, 92, '2025-09-02 14:30:00'),
    (1, 32, '2025-09-01 08:30:00'),
    (5, 7, '2025-09-06 15:00:00'),
    (20, 82, '2025-09-05 12:30:00'),
    (16, 88, '2025-09-09 17:30:00'),
    (1, 64, '2025-09-09 09:30:00'),
    (26, 41, '2025-09-01 17:30:00'),
    (15, 59, '2025-09-09 12:00:00'),
    (10, 98, '2025-09-05 11:00:00'),
    (10, 4, '2025-09-03 13:00:00');

-- SURVEY_QUESTION 샘플
INSERT INTO survey_question (id, question_text) VALUES
                                                    (1, '요즘 당신을 가장 힘들게 하는 것은 어떤 종류의 피로감인가요?'),
                                                    (2, '요즘 스트레스를 받을 때, 주로 어떻게 반응하나요?'),
                                                    (3, '새로운 사람과 만난다면, 어떤 방식의 소통이 가장 편안할까요?'),
                                                    (4, '운동을 통해 지금 당신이 가장 되찾고 싶은 감각은 무엇인가요?'),
                                                    (5, '요즘 당신을 가장 힘들게 하는 것은 어떤 종류의 피로감인가요? (다시)');

-- SURVEY_OPTION 샘플
-- Q1 보기
INSERT INTO survey_option (option_text, question_id) VALUES
                                                         ('정신적 소진: 뭘 해도 재미없고, 집중이 잘 안 돼요.', 1),
                                                         ('감정적 소진: 사소한 일에도 감정이 크게 요동쳐요.', 1),
                                                         ('신체적 소진: 충분히 자도 몸이 무겁고 게으름피우기만 해요.', 1),
                                                         ('관계적 소진: 사람들을 만나는 게 버겁고 혼자 있고 싶어요.', 1);

-- Q2 보기
INSERT INTO survey_option (option_text, question_id) VALUES
                                                         ('머리가 지끈거리고 생각이 많아져요.', 2),
                                                         ('어깨와 목 주변이 뻐근해졌어요.', 2),
                                                         ('가슴이 답답하고 숨쉬기 힘들 때가 있어요.', 2),
                                                         ('소화가 잘 안 되고 속이 더부룩해요.', 2);

-- Q3 보기
INSERT INTO survey_option (option_text, question_id) VALUES
                                                         ('묵묵한 동행: 많은 대화 없이 함께 있는 것만으로도 좋아요.', 3),
                                                         ('관심사 공유: 취미나 흥미로운 주제에 대해 이야기하고 싶어요.', 3),
                                                         ('공감적 교류: 서로의 고민을 풀어주고 공감을 나누고 싶어요.', 3),
                                                         ('가벼운 교류: 즐거운 농담이나 일상적인 대화를 나누고 싶어요.', 3);

-- Q4 보기
INSERT INTO survey_option (option_text, question_id) VALUES
                                                         ('개운함: 아무 생각 없이 땀 흘리고 싶어요.', 4),
                                                         ('평온함: 자연을 느끼며 마음을 사로잡히지 않고 싶어요.', 4),
                                                         ('성취감: 작은 목표라도 꾸준히 해내고 싶어요.', 4),
                                                         ('연결감: 누군가와 함께하고 있다는 느낌을 받고 싶어요.', 4);

-- Q5 보기
INSERT INTO survey_option (option_text, question_id) VALUES
                                                         ('정신적 소진: 뭘 해도 재미없고, 집중이 잘 안 돼요.', 5),
                                                         ('감정적 소진: 사소한 일에도 감정이 크게 요동쳐요.', 5),
                                                         ('신체적 소진: 충분히 자도 몸이 무겁고 게으름피우기만 해요.', 5),
                                                         ('관계적 소진: 사람들을 만나는 게 버겁고 혼자 있고 싶어요.', 5);

-- SURVEY_ANSWER 샘플 (임시 테스트용)
INSERT INTO survey_answer (user_id, question_id, selected_option)
VALUES
    (1, 1, '정신적 소진: 뭘 해도 재미없고, 집중이 잘 안 돼요.'),
    (2, 2, '어깨와 목 주변이 뻐근해졌어요.');
